id,name,resource_state
3655223,"Boul. Pincourt hill",3
4373377,"Pincourt Punch",3
8840701,"Full fat loop",3
9349111,"Boul. Pincourt bike path + rue du Rocher",3
821292,"Dave's hill",3
4305613,"Warp Dragon",3
2492803,"Senneville Hill - West",3
2196976,"Senneville Climb",3
1019465,"Apple Muur",3
7050243,"Dave'hill court",3
7778864,"WCG : Interval 7 : Senneville Hill",3
2188255,"GLOCK MUUR",3
9316675,"PS40 : KOM 3 : Senneville",3
9772929,"hilly billy",3
5003401,"Oka E-O / O-E",3
9451251,"RP Oka Square Loop (North) via Montee du Village Finish",3
4530219,"Sprint final vers la cabane a sucre",3
4035578,"lalande-bois de rivière-freniere-lalande",3
7180817,"Loop Saint et Ange "Official"",3
9910818,"Petit Sprint de belle asphalte",3
4616988,"The Mira Hood",3
5624984,"Ile Perrot Warm-up!",3
7930686,"Nitrous Oxide",3
4302537,"Traversier Trot",3
7605315,"Blvd Perrot East 1.5km",3
7733739,"WCG : Ferries Loop : Terrasse Sprint : 7e to Track",3
9490953,"la 20 jusquau chemin Duhamel",3
7264173,"LT Power-Climb",3
9625097,"Autoroute 20 : Ile-Perot→Vaudreuil",3
4791945,"Rue de l'Hôtel de Ville Climb",3
5821325,"Fritz Parc",3
5272127,"WCG : Ferries Loop : Lakeshore part 1 : Abbott to Morgan",3
9310606,"Bridge Climb",3
9525745,"fritz west",3
7883083,"Surge",3
7930662,"SHAZAM!",3
7930574,"Fesse Express",3
9598784,"Escape from McDo",3
4597265,"Don Quichotte-hill only",3
2296327,"1 st seg Macdonald",3
5568228,"Senneville Lollipop",3
7719733,"Sprint Rivière Chateauguay",3
4448245,"Centre Nautique/Maple Grove/Centre Nautique",3
7974277,"Voie Maritime (Sprint Ouest)",3
3769823,"Écluse (sprint)",3
3989191,"Pre ROC Sprint",3
665985,"15km TT",3
9236820,"Off Ecluse Sprint",3
7384195,"132 jusqu'au pont",3
9854997,"TT 20 KM Départ Ste-Catherine",3
3904290,"Rapidos traning 2",3
4638229,"St-Rémi sens horaire",3
4794412,"Candiac-LaPrairie_Est",3
7252701,"VIA CLSC",3
2656120,"La Prairie - Candiac / Marie-Victorin Ouest",3
7252780,"Principale nord",3
2731749,"Montée autoroute 15 Parc Haendel",3
5518316,"Sprint final Montréalaise",3
7252752,"Monté",3
5518371,"last kilo montrealaise",3
7252747,"Hendel",3
9499314,"Sprint Haendel",3
1442758,"Sprint vers boul. St-Jean",3
4281431,"Rue de la Bélize Climb",3
8906287,"Trail briquetterie",3
9028232,"Briquetterie NORD",3
10096402,"sprint briqueterie",3
2601372,"BattailleS-Tir-Golf-BattailleN",3
4934073,"Senneville through the trees sprint",3
4243666,"St Marie farms",3
4702480,"Rocky Start to Bumpy Finish",3
2296333,"2e seg mcdonald",3
5945427,"Sainte Marie's traffic",3
1443159,"Single track",3
5541226,"Technical SingleTrack",3
1443151,"Dirt Highway",3
8974129,"FatBike SBCU loop",3
5541230,"Technical SingleTrack Loop",3
1858757,"Garret's Giddyup",3
3981553,"Lakeview Boulevard Climb",3
2127492,"L'Anse a L'Orme - Out and Back",3
1740735,"Marie's Hump",3
1252910,"Lakeshore around Beaurepaire village",3
7631682,"Ch Ste-Marie overpass ouest",3
8246776,"WCG : Elm West",3
4558642,"Park to Park",3
7720120,"Elm - Woodland to Westcroft",3
5123495,"WCG : Interval 10 : The return",3
3898952,"Chemin du Bord-du-Lac-Lakeshore Climb",3
6981302,"Parc Stewart",3
4295048,"St-Charles Stretch direction Lakeshore",3
7189412,"Beaconsfield Blvd : St-Charles to St-Jean",3
2453606,"Beaconsfield St-Charles stretch",3
7330689,"Windmill Hill",3
9443479,"The final grind",3
8091084,"Lanthier dir. ouest",3
9527539,"Cedar to Pte-Claire - Train sprint",3
1681459,"Rotters Loop",3
9316745,"PS40 : SPRINT 3 : DORVAL",3
4332693,"Posh push to Thrush",3
9316606,"PS40 : Sprint 2 : Pointe-Claire Sign",3
4375819,"JV3 Fly By",3
7947880,"Jean XXIII sprint",3
7083356,"Touzin Sprint",3
2200585,"Avenue Dawson - Dvl Ave - Stream.",3
9527506,"P.B. to Dorval Ave",3
5909984,"Carson",3
2358922,"Sprint Parc Rene-Levesque Ouest",3
8149161,"Park Sprint ",3
4173833,"Lachine BIke Path 52nd to 32nd Avenue",3
7715348,"Lachine Waterfront (Eastbound)",3
9316742,"PS40 : Sprint 4 : Lachine",3
621249,"1 lap Mardi Cycliste",3
2189823,"Saint Joseph Westbound",3
4705541,"48e Sprint",3
719256,"Petit Dimanche Lap",3
9316470,"Handfield Loop",3
4765374,"Clement to Dollard",3
2325046,"Lachine Canal - Rue Musee to bridge with old train",3
4237697,"St. Pierre Bridge to rue du Musee",3
8049962,"Lyette to Stirling uphill",3
7975151,"BERGES- Bélanger to 90e",3
9223941,"La Salle petite côte",3
9804047,"90e à 75e Boulevard Lasalle",3
2518291,"Victoria Sprint.",3
1804825,"Ave Dollard to Blvd Lasalle",3
6277819,"Angrignon Boulevard Climb",3
9598966,"LaSalle Blvd - 5th to Douglas",3
1821922,"Angrignon Park Reverse Sprint",3
8160819,"Canal de l'aqueduct - Stephens à Bishop Power",3
4607037,"Angrignon Park Sprint",3
8181497,"Bishop Power sprint",3
9906497,"Stephens to Bishop Power Sprint",3
9906515,"Bishop Power Boulevard to Raymond Street",3
4817870,"Triathlon de Verdun - Natation",3
4817901,"Triathlon de Verdun - Vélo",3
4261825,"Ouimet Sprint",3
9939846,"Bridge over Hwy-15",3
4111052,"Lac de la Citiere reverse",3
8106402,"Parc Radisson",3
9257476,"Taschereau - Golf to Piste cyclable ",3
5669645,"Parc Illinois ouest",3
7726844,"Du Quarties Tracks -> Des Prairies Path",3
5652357,"Du Quartier Sprint",3
8135549,"Matte ( Quartier to Illinois )",3
9300042,"Taschereau:  Ernest rochette - Rivard",3
8500468,"Quartier Sprint - Prairies to Tracks",3
7110476,"Brossard BackyardZ - Rivard to Robert",3
4365351,"Nature Park",3
1737713,"Snake Path",3
2743938,"Sommerset Climb",3
8011196,"Jacques Bizzard Climb",3
2219539,"De Salaberry to Pierrefonds Boulevard",3
5938173,"Houde to Saint-Charles",3
5652638,"WCG : Ferries Loop : Pierrefond blvd",3
1613188,"Ste-Anne Hill",3
8244720,"WCG : Oakwood",3
9823061,"Becket",3
7331247,"Suburbia Square",3
9400123,"Hit that b***h",3
2395850,"Santa Louie Louie",3
4841145,"Coolbreeze Crush",3
9940319,"salaberry/  st-jean ouest",3
5084770,"Valois Pool Raceway",3
1931861,"La Grosse Banane",3
9404454,"Technoparc Straight (with wind at back)",3
669179,"Techno Park St-Laurent, Big Loop",3
7191030,"Planespotting",3
4134111,"Cardinal Crush",3
2200506,"Sources Overpass. Dir. Sud",3
9825048,"OLD VERSION - Chester south: The Two Circles",3
669212,"Techno Parc St-Laurent, Small Loop",3
9906443,"St-Martin Airplane Race",3
3685739,"welcome to montreal",3
4671460,"Railway Viaduc Bump 2",3
8155312,"55e Uphill sprint.",3
4671389,"Railway Viaduc Bump",3
9571023,"Meadowbrook sprint",3
7097018,"Lepine South Sprint",3
9994637,"Blossom Sprint",3
4783902,"Avenue Draper Climb",3
3857480,"De Maisonneuve Path (Benny to West Broadway)",3
3903966,"Sherbrooke Reverse",3
7217227,"Girouard Sprint",3
7373535,"Fielding Sprint Reverse",3
7336099,"Clan Sprint",3
5149290,"Cavendish to Girouard Reverse",3
5801166,"Fielding Sprint",3
3596608,"Sherb down West to Luc",3
7207347,"MoWest Trapezoid",3
7824610,"Short sprint to underpass",3
6962089,"Chemin GLEN",3
2120315,"Reverse Park to Arena Sprint",3
2201575,"De l'Église to Atwater",3
4237634,"Charlevoix to Pitt",3
4237652,"Pitt to De L'Eglise Bridge",3
2082981,"Park to Arena Sprint",3
2246181,"Pont de l'Île des Soeurs",3
1896995,"Lower Grovesnor",3
9599034,"Crescendo Restaurant to Msgr Richard School",3
661468,"Estacade Pont East",3
5840596,"Estacade ",3
7974316,"Voie Maritime (Sprint Est)",3
661472,"Estacade Pont West",3
1859809,"Voie Maritime 20k aller-retour",3
2147144,"Pont de l'Ile des Soeurs - Est",3
3679896,"Riverside - Hugo a Simard",3
7294983,"TT aller-retour ±10k",3
8372511,"Loop Piste IDS",3
7722345,"Ile de Soeurs path",3
3999107,"Rue Campbell Climb",3
7636328,"Pelletier Overpass direction Champlain Mall",3
3814709,"Rome: Tisserand à Pelletier",3
7453872,"Rome ( Naples to Niagara )",3
7768389,"Milan Rome a A10",3
7155431,"Rome Sprint - Tisserand à Pelletier",3
7110468,"Brossard BackyardZ - Rome to Rivard",3
9127067,"Malo sprint",3
649307,"1 lap Crit Brossard",3
2091947,"Boulevard Milan - Westbound",3
9240704,"Kimber to College",3
3811700,"Boulevard Westley - Voie ferrée",3
1896847,"Golf boulevard du Quartier",3
7707301,"Du Quartier - Velo path ",3
5292544,"Neron Shop Rides : Quartier Sprint IN",3
5292531,"Neron Shop Rides: Quartier Sprint OUT",3
7546609,"Sprint piste cyclable du Quartier (safe)",3
7454763,"Training Critérium...Labatt-SQ",3
9906190,"Nantel",3
9564414,"Rue David Sprint - Nord",3
4277158,"1ere cote Oka - Go les jambes!",3
1591079,"LongerSprint",3
5595503,"WCG : Ferries Loop : Oka, la première",3
7644165,"Descente vers chemin d'Oka",3
9981443,"RP Ch. Oka Descent, Rue Lapierre to Aut. 640",3
10065456,"Parc d'oka 2e côte (o vers e)",3
6029548,"Lights to Laurier",3
694824,"ch. Bord du Lac-mtée Wilson-ch. Cherrier TT",3
2273178,"Montée de l'Église",3
1255097,"Montée de l'Église, Ile Bizard",3
2273173,"Jacques Bizard @ De L'Église",3
9435280,"Jacques to Jean sprint",3
5590591,"WCG : Ferries Loop : de l'église",3
9282756,"End of Chevremont climb",3
5902900,"Chevremont ",3
9296359,"Salaberry Strut",3
5107911,"bld Pierrefonds Aragon a Des Source",3
9296393,"Woodpark South",3
9296381,"Woodpark North",3
9761756,"Fredmir",3
9903057,"Will Homestretch 1",3
2219380,"Boulevard des Sources - de Salaberry",3
9903186,"Westpark Stretch",3
2219386,"de Salaberry - Boulevard des Sources",3
7246595,"Gouin / A13 - Sunnybrooke",3
4287829,"Bd Gouin O - From Bd Sunnybrooke to Autoroute Chomedey",3
5642098,"bois-de-liesse",3
7699214,"big o",3
8003078,"Rue Douglas Nord",3
9229339,"Sprint Guénette",3
7548356,"Ardene TT loop",3
5066846,"Levy + Dobrin",3
4178558,"Place Transcanadienne Climb",3
663577,"Dans le Bois-de-Liesse vers Est",3
4946233,"Sprint Alexie-Nihon - Thimens@Cote-Vertu",3
5019516,"Cavendish Sprint",3
4946246,"E. Hemingway - Celine-Marier@Cavendish",3
4946227,"E. Emingway - Cavendish@Poirier",3
4747609,"The Machine Segment",3
4946243,"E. Emingway - Poirier@Cavendish",3
4950097,"The Machine V2",3
7715355,"Rue de l'Église_Saint-Croix@Alexis-Nihon",3
8218165,"Authier",3
5677330,"Liesse Sprint",3
616310,"Côte de la Polytechnique",3
8042275,"Flat part 2 - Top of Polytech",3
5674754,"Chemin de la Rampe (avec élan par av. Louis-Collin)",3
674445,"Descente ch. de la Rampe",3
5136507,"Oratoire Saint-Joseph",3
2202269,"Graham_Kindersley@Glengarry",3
4446403,"Reverse Tit Sprint",3
7615912,"Côte Ste-Cath bump & descent",3
8341070,"Avenue Victoria N. (Vézina / Jean-Talon)",3
4782450,"Graham N-S",3
638378,"Camillien Houde",3
7795689,"Faux-Plat Camilien Houde",3
661925,"Descente de Camilien-Houde",3
674757,"Mount Pleasant",3
5356269,"Voie Camilien Houde IV",3
7015128,"remembrance pitch",3
695605,"Parc",3
3876533,"Canal Lachine détour (ouest)",3
5032748,"Atwater Climb",3
2027211,"Montée Berry (petite)",3
3984793,"Circuit Gilles-Villeneuve 4.03 km",3
4065389,"CGV REctiligne",3
5467272,"Les courbes CGV",3
7047331,"Pavillon du Canada Sprint",3
4487080,"CGV no hairpin - EO",3
3875673,"Salut Gilles (Sprint) Between the 2 overpasses",3
1568696,"GV Hairpin to finish line",3
5184907,"Habitat67 direction EST",3
5184935,"Habitat67 direction OUEST",3
2053809,"Pont de la concorde",3
7042759,"Flipper Ramp 116 - Direction sud",3
8422147,"Stratton-Legault Sud",3
8422124,"Legault-Stratton Nord",3
4612968,"Montée Overpass 116",3
7691904,"St-Helene Ouest - No Light - 1 de 2",3
4407608,"St-Hélène Est - Longueuil - No Light - 2 de 2",3
1735630,"Faux Paris-Roubaix North",3
4304348,"Faux Paris-Roubaix Sud",3
1844285,"116 Forest",3
8015813,"Churchill (tasch-victoria)",3
5055455,"Route de l'aéroport 2",3
7833651,"Montée St-Hubert to track (Sprint)",3
5100229,"Sprint du boisée",3
7389975,"Raoul II (Est)",3
2255330,"Raoul (est)",3
5541594,"Sprint Jacques Marcil (Nord)",3
7379139,"Tite rue de la piste cyclable",3
7454794,"Sprint Petro-Canada...Mitsubishi",3
5170376,"Moreau",3
5149036,"Rue Prince Charles",3
1729037,"Stretch Mtée du Village",3
4953439,"Côte de St-Joseph-du-lac",3
4996030,"Descente St-Joseph",3
5595648,"WCG : Ferries Loop : St-Joseph descent to Ultramar",3
1217574,"Chemin Principal Climb",3
4830794,"Chemin d'Oka - From Rue Louise to 5e Avenue",3
4140830,"Boulevard Industriel Climb",3
5083642,"Montée 2-Montagnes",3
7927700,"Rue les Érables à Rue Les Peupliers",3
7987796,"Erables TT",3
4830813,"Chemin d'Oka - From 20e Avenue to 8e Avenue",3
2654564,"Ch St-Antoine Westbound",3
8283439,"Montée Ste-Rose  21e Av - 9e Av",3
7911162,"Up St Antoine ",3
5650539,"The Island Sprint",3
9674356,"Sprint to the boat",3
7544476,"Ile Bigras",3
2821633,"Sprint Bord de L`eau",3
7543490,"Golf Sprint",3
1632870,"St Martin Est",3
9378444,"Montée Champagne Pt. 2 (Reverse)",3
7763548,"St-Martin de Champagne à Hotel de ville",3
4753454,"Sprint - Pierre - Hotel de Ville",3
5800805,"Hôtel-de-Ville à des Jacinthes",3
1632845,"Principale Ste-Dorothee",3
9378400,"Montée Champagne Pt. 2",3
8847403,"Bois St Do. East West",3
7579966,"Samson / pont 13",3
7983208,"Bd du Curé Labelle - A13",3
4691673,"Levesque - Samson - St-Max",3
4675140,"Levesque - St-Max - Samson",3
7342460,"A13 - Bd du Curé-Labelle",3
7750669,"Montee Chomeday Nord I",3
7523992,"Elodie Boucher",3
7599020,"Eliot sprint",3
9381672,"Chomedey Hydro Line Pt. 5 (Reverse)",3
7598926,"Souvenir bump",3
7360610,"Pont de Train",3
7364421,"Pont de Train",3
5021049,"Parc de la Merci E-O",3
4412355,"Parc de la Merci Ouest",3
7194275,"O'Brien - Rochon à Dudemaine",3
7246570,"Gouin / A15 - Laurentien",3
7301855,"Boul. des Prairies Sprint I (Est)",3
7301873,"Boul. des Prairies Sprint III (Est)",3
7624109,"Bocage St.",3
5238480,"Lajeunesse - Jarry/40 (no inters) ",3
7581150,"Sprint on Lajeunesse - Crémazie/Chabanel",3
7179741,"Sprint Jean-Talon - Jarry",3
7155603,"TMR Sprint GMA",3
8466759,"Rue Saint-Dominique S. (Jean-Talon / Avenue Mozart)",3
5136368,"La course des tomates N-S",3
8504564,"Rue Boyer S. (Everett / Jean-Talon)",3
2250660,"Boul. Graham Rockland-Laird",3
4853209,"Beaumont - Parc @ Graham",3
5652251,"St-Laurent (Chabanel-Sauvé)",3
662274,"Berri climb",3
1444878,"Berri hill",3
1821989,"Sous le viaduc St-Urbain ",3
7671659,"Pew pew pew ",3
5572973,"Rachel St-Denis-St-Laurent",3
3463240,"Saint Laurent",3
2499441,"Champlain (The Peak)",3
8340933,"Rue Saint-Grégoire O. (de Brébeuf / Christophe-Colomb)",3
4713442,"Parc Laf Straight",3
3903364,"Molson Upward Wind Tunnel",3
2296852,"montée du Pont J-C Ile Sainte-Hélène",3
847410,"Montée Pont JC",3
4233292,"Jacques-Cartier bridge North - To Ile St-Helene path",3
4000955,"Viaduc Saint-Charles",3
4475334,"Notre-Dame Sprint Ouest",3
4294903,"Chemin de la rive",3
4475321,"Notre-Dame Sprint Est",3
8345510,"Ste-Hélène (De Ste-Foy à Desaulniers",3
4918017,"longueuil beach",3
5077422,"Molson Brasserie",3
2305416,"Fernand-Lafontaine",3
4237262,"OLD VERSION - Leblanc (ouest)",3
7373403,"Sprint Roland-Therrien",3
7317758,"Boul Nobert",3
9789311,"Boul. Beliveau (De J-C à Roberval)",3
1405498,"Boul Jacques Cartier",3
2297740,"Boul. Fernand-Lafontaine",3
3983508,"bute Parc régional",3
7707827,"michel-chartrand",3
7373375,"Circuit Archambault-Robin",3
8558081,"Clairevue Northbound (Approaches 24')",3
3944939,"CSA Lap",3
9847460,"Vauquelin-R100",3
7175185,"Ostrich Climb",3
4042083,"descente riviere nord",3
4035620,"descente fresniere",3
4042065,"descente",3
5346874,"Chemin Riviere Nord + Riviere Sud",3
4035564,"rivier noord-belle riviere-fresniere-riviere noord",3
9650715,"Riviere Sud + Riviere Nord",3
9499992,"Boucle RS-RN",3
9331483,"Sprint Chénier 500m",3
9612410,"crèmerie / arthur-sauvé",3
9612429,"Pont Arthur-Sauvé sud",3
9612404,"Ste - frenette/crèmerie",3
9395202,"Ste-Rose",3
7666755,"Dagenais W-E ",3
7772269,"Dagenais E-W",3
7709207,"Sprint Gaby N-S",3
9413423,"EDITH EST TENDU",3
7928549,"Break Run 3/4",3
10105451,"Montée champagne Dagenais / Des Bois",3
9395194,"Seguin1",3
9612396,"Cousteau",3
9395200,"43e",3
9175079,"C-L Rush Hour Sprint",3
7750664,"Boul Souvenir Techno (Est)",3
7724134,"2020 Criterium",3
7928502,"industrial break run",3
1732601,"Pont Viau (Vers Laval)",3
1732621,"Pont Viau (Vers Montréal)",3
4000614,"boul des prairies Crochet-Major",3
4000469,"boul des prairies Major-Crochet",3
5652273,"Somerville (St-Laurent-Pont Viau)",3
9640100,"Chemin de Fer - Saint Martin - Valois",3
4551569,"descente du moulin",3
9640057,"chemin de Fer - de LaConcorde Saint Martin",3
8298601,"Montée Rue Notre Dame de Fatima",3
5209580,"Pont Train Cartier",3
4722309,"Pente Lajeunesse",3
5021004,"Parc Gouin E-O",3
3763409,"Berri - Henri-Bou -> Sauriol",3
5136448,"Le Double sprint de Claude Robillard S-N",3
4562995,"Christophe Colomb (Louvain/Henri) Nord",3
5136471,"Sprint du parc Olympia S-N",3
5136466,"Mgr Henri Fleury S-N",3
8334558,"C-C / Sauvé to Gouin",3
5136337,"Le Double sprint de Claude Robillard N-S",3
9735436,"Petite_Montée_Ile_Visitation",3
4242361,"Viau Sprint",3
4262510,"Sherbrooke: Parc à Pie-IX",3
2161836,"Maisonneuve Ring",3
7665288,"Piste entre Parc -Jardin",3
3782452,"Pie-IX/Viau(Sherbrooke)",3
7409338,"Sprint",3
4017906,"Rosemont_Pie-IX@Viau",3
7037138,"Pie IX Up (Masson @ Rosemont)",3
2636201,"6 - 16 Avenue East",3
7289775,"Saint Zotique Sprint",3
4127290,"Geoffrion au Rodi",3
7457586,"Dickson - Barsalou",3
7526050,"Des Futailles -> Dickson",3
4101879,"Viau Sprint (SHerbrooke-Pierre de Courbertin)",3
7766384,"Sprint Marseille entre Viau et Dickson",3
7503200,"Pierre de Coubertin Sprint",3
3607454,"Pierre de Coubertin / Ste-Catherine",3
9428078,"Haig",3
1844311,"Sprint Hochelaga - PDC",3
4692757,"Jackalope Crit 1 Lap",3
2130368,"Piste 132 last 2k",3
7814080,"Marie-Victorin sous la Vingt [nord]",3
7813707,"La route qui pue (est)",3
9511186,"Boucherville Smooth Sprint (West)",3
7723129,"Viaduc 20/Mortagne (est)",3
5011726,"La route qui pue (ouest)",3
7723115,"Viaduc 20/Mortagne (ouest)",3
5742758,"Up Jean-Paul-Vincent",3
5742772,"Down Jean-Paul-Vincent",3
7622749,"Adoncour EST sprint",3
7612591,"chemin du tremblay sprint",3
7355370,"Boucle du Bousquet",3
7355359,"Boucle Futaie",3
5111859,"descente villeneuve",3
4079916,"Côte des Corbeil nord/sud",3
2580210,"CLM Côte des Corbeil",3
7326870,"Montée Leblanc",3
3879130,"Rue Dubois vers Sud/Ouest",3
3879150,"Auto-13/Grande-Côte vers Est",3
7666781,"CROSSTR S-N",3
9809923,"Chateauneuf-Boisbriand",3
9813344,"STR CRIT//start-finish=117",3
9806748,"Tour De Laval LTC",3
1947927,"Tour de Laval",3
1842753,"Laval crit loop",3
2312965,"Coupe Pantani Sprint",3
7473153,"Piste Cyclable Sud Bellerose/St-Elzear",3
4392264,"Rang de l'équerre sud-nord",3
5085041,"Dagenais O-E",3
5085047,"Dagenais E-O",3
9848086,"Pist cyclabe nord St-Elzéar Bellerose",3
4747691,"Rossignol N-S",3
7996505,"Sprint Roseval",3
7477988,"rang de l'équerre Nord-sud",3
2181364,"Montée Notre-Dame-de-Fatima",3
4571910,"",3
2366843,"Côte du barrage",3
7424904,"Bosse Rue Mondor à Rue Lesage",3
4539212,"College to Champagnat Sprint",3
1966969,"Gouin&Piste_PieIX@StGertrude",3
7848766,"Montée Piste Pie-IX",3
7740441,"Boucle est de Laval",3
1966937,"Gouin&Piste_StGertrude@PieIX",3
4034654,"Piste Centre de la nature",3
8549596,"Industriel - Hébert-Castille",3
7913338,"Montée Av. Seigneur Lussier",3
9133530,"butte Belanger",3
4010571,"Boulevard Henri-Bourassa Est Climb",3
8496860,"Jarry O. (Ray Lawson/Blvd Louis H. Lafontaine)",3
8496867,"Passage sous l'autoroute 25",3
2652393,"Rue Bourgjoly Climb",3
6707104,"Rue de Bellefeuille Climb",3
3431373,"Bélanger under 25 SR",3
1818143,"Promenade dan le Parc Bellerive",3
8327384,"Sprint Sherbrooke (place versailles/des Ormeaux)",3
2804369,"Promenade Parc Bellerive est-ouest",3
8293255,"Sprint Honoré/des Ormeaux",3
7536596,"Georges V Sprint",3
7569084,"Boul Joseph Versailles",3
4271180,"Autoroute 25 - Ave Georges V",3
7174991,"Roi-René North",3
9754146,"VInnies NEXT KOM!",3
7071071,"Crossing Contrecoeur",3
7814107,"Barre-toi! (sud)",3
8327588,"Club aviron boucherville nord.",3
3993020,"Marie-Victorin Downtown Boucherville",3
7904726,"Barre-toi! (nord)",3
8190700,"Viaduc Club aviron Boucherville",3
3875789,"Fort St Louis",3
9764137,"Club aviron @ Rue Guérin ",3
8277842,"CX Boucherville 2014",3
5835530,"Vitesse Max",3
5826872,"CX-boucherville",3
8270341,"Chemin d'Anjou (est)",3
9423635,"Chemain d'ajou",3
7355377,"Boucle Chataigniers",3
9751164,"Chemin d'Anjou Ouest",3
7247695,"GG sprint",3
7355386,"Boucle de Normandie",3
8169101,"Boucle du boisé",3
7355391,"4 boucles",3
9910821,"Côte des anges condos",3
3984191,"Domaine_Vert_Stretch_Voie_Ferré",3
7739083,"15 Overpass direction Est",3
4066361,"Overpass 15 sur Chemin Cote Sud vers ouest",3
4863490,"Grand-Allé le ti-bout vers sud",3
7845817,"Côte Boul. du Côteau",3
4891693,"Côte St-Louis (Ste-Thérèse)",3
7532417,"Sprint Garneau concept!!",3
9673033,"Rue du Grand Prix",3
8389903,"DMI (CW)",3
9746343,"Rue Doris-Lussier",3
9299334,"St-Augustin40",3
4805817,"Montée Curée-Labelle entre Blainville et 640",3
7478080,"Descente grande côte",3
7931285,"Cure-Labelle Piste Cyclable",3
7479001,"Labelle : Boutiller - Grande côte",3
7478190,"grande côte : Labelle - montée sanche",3
7478290,"Montée Sanche : Grande côte - des entreprises",3
7039888,"Rose Alma Climb",3
7797960,"Golfridge Crit",3
3979107,"Trail 640 vers Est",3
8450924,"Défi Soccer @ Horaire",3
3903849,"Piste cyclable laval nord(petit bout)",3
5883643,"Piste cyclable - Av. des terraces vers Boul. Ste-Rose",3
8996021,"Terrasses - Des Laurentides à Route Verte",3
4129370,"Roland-Durand (est de Lesage) Sprint",3
2598176,"Boul. Roland-Durand",3
4478320,"Button Olier-Payette",3
5032278,"Saint-Saëns",3
8277299,"Montée Terasses",3
6995209,"sprint rue Perron",3
9980610,"Chatillon_a_DesLaurentides",3
10035646,"LausanneLoop",3
3712876,"Park Loop",3
4943335,"Sprint between berge and bridge",3
5430731,"Montée du pénitencier (jusqu'à la porte)",3
7050451,"Pont A25 Montréal vers Laval",3
4106822,"Pont A25 Laval vers Montréal",3
7693989,"Petite montée pont de la 25",3
2183559,"Pointe-est Laval via Masson",3
8289344,"Montée Masson - Lévesque@SortieAut440",3
4594491,"Boucle de l'A25",3
5754375,"boucle pointe de l",3
5778561,"boucle pointe de l'est",3
7904501,"Henri-Bourassa (Rudolphe to Ray Lawson)",3
7220365,"Voie service A25-MauriceDuplessis à Perras",3
7895333,"Perras à M. Duplessis - voix de service",3
1623219,"Montée Fernand Gauthier",3
9907982,"15e Ave MTL-Nord",3
9949677,"4e Ave. de M,Duplessis à Perras (N)",3
9949693,"4e Ave. de M,Duplessis à Perras (S)",3
7337531,"TDI Quarry",3
7338811,"Carrière Lafarge climb",3
5812771,"Victoria / Durocher vomit sprint",3
2804351,"Victoria retour",3
2779529,"Rue victoria",3
5012940,"MarieVictorin Ouest@Agenson",3
9760674,"Sprint Argenson-Chemin de la Côte",3
4588232,"Tour Ile Grosbois",3
5350097,"Rue de la Seine Climb",3
2272522,"De La Rivière aux pins, Boucherville",3
9288607,"Jean-Coutu Nord",3
9434765,"Rue Saint-Jean, Mirabel",3
9910809,"Vers le golf Diamant",3
7849045,"Piste 12 MTB vers Rang Ste-Henriette",3
5025814,"XC 1",3
7496450,"Snake Pit court",3
1747575,"Ch.Notre-Dame to Rue Charles",3
7841828,"Test1",3
7849022,"Piste 12 MTB vers l'acceuil",3
9612662,"Piste 14",3
9425177,"Sprint Outlets",3
9910804,"Sortie 28",3
9910360,"Boucle #4",3
2561829,"Parc Linéaire Des Basses Laurentides Climb",3
7285150,"Céloron - KM Etalon - Nord",3
4783203,"Omer Deserres morning sprint",3
4876134,"Céloron - KM Étalon - Sud",3
5543410,"Omer Deserres evening sprint",3
8002070,"Piste R3 Difficile",3
1570371,"Rue Gaston Dumoulin Climb",3
7719777,"sprint final",3
7788351,"Boulevard des Mille-Îles",3
7828797,"Sprint Seigneurie",3
2642634,"Le petit bout",3
8074357,"Rochefort vers Fontainebleau",3
5216238,"Saint François vers Est",3
3984245,"Renaissance Côte Seulement",3
7611498,"FontaineBleau (horaire)",3
7668315,"Renaissance - Gatineau à Annecy",3
7275935,"Saint François vers l'ouest",3
7115546,"Côte Renaissance "Official"",3
2685036,"Retour par Fontainebleau",3
7531828,"Côte St-Louis - Short Stretch",3
7733572,"Pont David - Dir. Nord",3
8042689,"25ième to Urbanova",3
5279973,"Boul. Mille-Iles sprint",3
8234243,"52e to 56e Bump",3
5279491,"Boul. Mille-Iles 500m",3
1559844,"Gagnon",3
7204990,"Côte Montée Gagnon",3
9132894,"700 Meter Uphill Sprint",3
1813412,"Gagnon Downhill",3
5719794,"Descente Boulevard de Gaulle court section",3
1423111,"Boul. Ste-Marie (montée)",3
2445297,"Montée - Boul. Ste-Marie",3
1384672,"Boul. des Milles-Îles - Club de Golf",3
2920233,"sainte-marie en descendant",3
4972136,"Boul. Milles-Îles (Papineau à Ste-Marie) Part 2",3
8268649,"Parc to power lines",3
9312044,"Butte Camping 5 étoiles Est",3
8268677,"Power lines to parc",3
7818723,"montée du golf",3
8236424,"Bump to Hydro",3
4871307,"Bute montée masson",3
10040406,"Monté masson jusqu'à la lumière",3
7241011,"sprint course Laval",3
4375382,"boucle route laval",3
7346210,"55e Av Descent (4e Rue - Gouin E)",3
1374658,"Saint-Jean Bapiste - Uphill",3
7898997,"Saint-Jean-Baptiste (Perras-Chemin de fer)",3
1374652,"Maurice-Duplessis - Flatlands - Westbound",3
1374664,"Saint-Jean Baptiste - Downhill",3
9136443,"La petite butte de l'avenue Armand-Chaput",3
4351096,"Maurice-Duplessis direction Est",3
4588091,"Hawthorn-Dale Cemetery",3
4457169,"Sentier Duplessis|Gouin [Direction nord]",3
4258643,"H-B Perras square",3
8585693,"C dans le parc (nord)",3
8581822,"Slalom dans le fleuve",3
7390017,"Sprint Radar Ecole La Source :-)",3
8284146,"Chemin du Pays Brûlé",3
5012871,"Jean Paul Choquet",3
5012880,"Montée Du Lac",3
5012906,"Petit Bois 2",3
3992500,"Chemin du Petit Bois",3
5343880,"Tour de Varennes",3
4735441,"Rue Quévillon Climb",3
4735440,"Rue Dalpé Climb",3
7753133,"St-Charles à Victor - fossé au ruisseau",3
9840981,"Victor à St-Charles - fossé au ruisseau",3
7286705,"bitume neuf caché",3
9662027,"Carré St-Janvier",3
1685875,"Following Robin's Trail",3
4148146,"Rue des Guinées Climb",3
7294234,"Celeron South 1,5",3
7294226,"Celeron North 1,4",3
4142383,"Blainville Test Track",3
5467700,"Blainville/St-Jérome/Blainville",3
2909473,"plaisance ",3
8142627,"Plaisance de 344 à Des Seigneurs",3
7258726,"entrepot loblaws vers le sud",3
8029287,"Tronçon Expert Grosse Côte",3
4504778,"Trans-Terrebonne (golf/Passerelle)",3
4511744,"Trans-Terrebonne (Plaisance/Passerelle vers Ouest)",3
4504810,"Trans-Terrebonne (Passerelle/Plaisance)",3
7764597,"Boisé loop",3
4412478,"Xc golf le Versant",3
9654738,"Back home cut over trail terrebonne",3
4256821,"Saint-Sacrement Sprint",3
8998240,"Vieux-Pont Sud",3
2909831,"col san antonio",3
7491052,"Lap 2014",3
3798307,"Côte Boulevard des Seigneurs",3
7155340,"GUZZO au complet",3
5595117,"Masson's Big Bump",3
1656810,"Des Seigneurs",3
7313014,"Côtelette",3
5595074,"Grande Allée Giggity Giggity ",3
7548339,"Ch St-Charles - Bibliothèque à de l'Église",3
9038049,"St-Charles/Montée Dumais",3
7548246,"Ch St-Charles - Dumais à Desjardins",3
7554889,"Montée Dumais overpass 40 dir sud",3
7097080,"640/Charles-Aubert",3
9729013,"Charles-Aubert Nord",3
7548256,"Ch St-Charles - Desjardins à Dumais",3
8765637,"Mtb Boucle Horaire",3
8765651,"Mtb Trail Sud",3
3867655,"lévesque est sprint",3
1354952,"Laval Sprint Point",3
5162749,"344 est overpass de la 40.",3
7554788,"Ch St-Charles de l'Église à Kennedy",3
7548232,"Ch St-Charles - Kennedy à de l'Église",3
7550064,"344 ouest overpass de la 40.",3
9761176,"Pointe Est Finish Sprint",3
5420995,"Pont le Gardeur (2e pont)",3
2090477,"Pont Du Bout De L'Ile. ",3
2917433,"pont le gardeur direction ouest",3
2369724,"Bourdon Island Bridge",3
5786514,"Boul L'Assomption Climb",3
5291643,"Parc Bout-de-l'île - Parc Pierre-Payet dir Ouest",3
4525036,"81ieme - pont Legardeur",3
2312531,"Chemin de la Baronie",3
7554481,"117 StMarguerite/Boise",3
4782022,"Sprint a J-P",3
1750634,"St-Pierre / Ste-Marguerite",3
7719789,"ste marguerite - cote st-pierre",3
9754801,"BumpySmooth",3
1251005,"strech Parc Lineaire",3
9754795,"Bumpy South",3
5740155,"Recupération",3
4716687,"bosse Mtée Gagnon sud",3
9422731,"Martin de Valiquette à Ste-Claire",3
4944930,"Ch. Comtois - Martin",3
5436534,"Boul. des Entreprises",3
9966583,"Trans Terrebonne - chemin Martin à chemin Comtois",3
2902187,"cote esplanade",3
7168968,"Piste Cyclable Esplande/Boul Mascouche",3
7232794,"Montée Boul mascouche",3
3915051,"CLM piste cyclable",3
4986771,"CLM L'esplanade",3
4900259,"CLM Cemin Pincourt",3
4663183,"Sprint_Bourque",3
7715888,"640 voie service",3
2217803,"Avenue Normandie Climb",3
9899190,"ridge",3
7823680,"Aéroport de Mascouche",3
9729022,"Avenue de la Gare Nord",3
9453046,"24 Km lap",3
1691336,"Repen",3
7218419,"record pace",3
5291384,"Hyberville Ouest (Brien - L'Orange)",3
5020843,"Manning Hill",3
7384524,"Dirt Diamonds",3
7083368,"Circuit L'lle Perrot",3
3990624,"Île Perrot Loop",3
4301760,"Tour Île Perrot",3
1302908,"Île Perrot Anti-clockwise complete loop",3
10097309,"RP Ile Perrot Outer Perimeter Loop",3
5513200,"La Montréalaise 155 km",3
4328222,"Senneville - SteMarie - McGill/Mac",3
5568378,"Mac Fields-Senneville-St-Annes",3
5568361,"Mac Fields-Senneville-St-Annes",3
9601684,"Sainte-Anne 10mile TT",3
666077,"John Abbot Intervals",3
1424649,"Laprairie Criterium",3
1596734,"Dave's course",3
1775827,"Dave Course #2 - NEW",3
4505736,"Ile Bizard",3
820240,"Parc René-Lésvesque - Canal Lachine ouest",3
2471990,"Parc Rene-Levesque Loop counter clock wise",3
2574259,"Ti-René Park Loop (almost)",3
5292277,"Parc Rene-Levesque Loop clock wise",3
8830733,"Brossard Fat bike lap",3
5543577,"Sherbrooke/Ste-Marie Crit",3
7473163,"triathlon_lachine_1xloop",3
5137103,"Louisbourg Park",3
8974126,"Full Fat Bike SBCU ",3
7887639,"10 tours mardi de LaChine",3
7887626,"5 tours mardi de LaChine",3
7887649,"15 tours mardi de LaChine",3
831431,"Grove Hill 32nd Ave CX Course",3
4664971,"Cote de la STM",3
4817960,"Triathlon de Verdun - Course à pied ",3
7865432,"Triathlon Verdun - 2014",3
5431678,"Sir George 200m Sprints",3
788944,"Carignan MTB Loop",3
8208137,"Angrignon Circuit (Detour) 5 LAPS",3
8208123,"Angrignon Circuit (Detour) 1 LAP",3
8246674,"Carrefour Angrignon TT",3
9791536,"Tour Lasalle-Verdun",3
9791574,"Tour Verdun-Lasalle",3
2384192,"MoWest Loop",3
7424782,"Av. Colomb",3
9825521,"T00nie Crit 2015. 1 Lap",3
1778061,"Sprint (around home) 02",3
9919018,"Avenue Monkland E. (Cavendish / West Hill)",3
9919022,"Avenue West Hill S. (Monkland / Sherbrooke)",3
4194535,"Lap de l'Eglise ",3
2567751,"Go Cabot!",3
7670191,"Estacade et voie maritime aller-retour",3
7769045,"Pont Beaudoin - Parc - And Back",3
1836985,"Sprint (around home) 04",3
9997772,"Marlowe Climb Short",3
1202402,"Canal Lachine - Aller-Retour",3
4537906,"Atwater - parc Rene Levesque - Atwater bikepath",3
3956741,"Through Westmount Park West",3
679012,"Techno Park- Saint Laurent, Medium Loop",3
1683038,"Techno Parc St-Laurent",3
9035185,"Chemin Circle "Full blast lap" ",3
8509610,"Avenue Kensington N. (Sainte-Catherine/Maisonneuve)",3
3935214,"Atwater Exit Climb",3
7547474,"Victoria - Final Push",3
4543071,"EdgeHill",3
7977902,"Edgehill Reverse",3
6705096,"Clarke to Montrose",3
2477484,"Av Church Hill",3
3635238,"Atwater (St.Antoine to R.L.)",3
5777922,"Atwater part 1",3
9911218,"Rue des Seigneurs N. (William / Lionel-Groulx)",3
7404973,"Technoparc loop",3
7404980,"Technoparc x3",3
4589489,"Ile Bizard anti-horaire",3
10051781,"Tour Île-Bizard antihoraire",3
7528654,"thePack T00nie Crit Lap",3
7528766,"T00nie Crit$ 1Lap",3
9761604,"Painted track skills",3
9035193,"Criterium des jardins de Madame Surrey",3
5090988,"Summit Crescent (Sprint) - From Gordon Crescent to Summit Circle",3
663008,"Westmount Bellevue",3
9315944,"Av Bellevue",3
7358430,"Montrose to Cedar ",3
9232368,"St Jacques to Notre Dame via Guy",3
4492708,"Bonaventure Expressway Climb",3
4980675,"The Pack Crit Toonie Lap Compact",3
8261843,"T00nie Crit$. 1 Lap",3
9761592,"Hypodrome 0.8km Crit loop",3
8030629,"Remembrance - to Summit ",3
5477133,"Summit  ",3
3984687,"St-Jacques to St-Antoine Climb on de la Montagne",3
2210344,"Île-Bizard (counter-clockwise) via Chèvremont",3
8845149,"Bois-Francs sur neige",3
8845135,"Érable noir sur neige",3
4721694,"The Pack Toonie Crit Lap",3
7902903,"Flat part 1 - Bottom of Polytech",3
4842026,"Remembrance bottom",3
2601420,"Victoria Path 1 Lap",3
9806482,"OLD VERSION - CGV - Au complet ",3
9741707,"Courbe Senna",3
7561785,"20 laps CGV no hairpin",3
5618465,"Parc Bois de liesse",3
8218173,"Marlett_Authier-to-StLouis",3
7664743,"Triangle Heart",3
7664759,"Around Baron de Hirsch Cemetery",3
1465014,"Mount-Royal + Poly",3
5408954,"Bumpy Bump",3
2325553,"cote de cedar",3
3971604,"McGill street sprint ( d'Youville to Notre-Dame )",3
7210374,"CGV 2 tours sans l'épingle",3
4542992,"CGV no hairpin Start-Finish Line",3
620190,"Circuit Gilles Villeneuve",3
2293385,"Île-Bizard (half-loop) via de l'Église & Chèvremont",3
7220737,"CCM 1km",3
7567729,"CDN Viaduct- FIXED",3
5549262,"Camillien Houde + Polytechnique",3
7623302,"Ch. de la Rampe up section #2",3
4577020,"tour du mont-royal",3
8289380,"Peel to Pins from Penfield ",3
8471089,"Avenue Union S. (Maisonneuve/Cathcart)",3
5122397,"Bleury - Downhill",3
5033499,"Circuit Gilles Villeneuve",3
4043578,"Ile Bizard Anti-Clockwise from Top",3
2273226,"Ile Bizard clockwise d'en haut",3
5738726,"Rue Jean Gascon Climb",3
8218198,"DeLeglise_StAubin-to-MarcelLaurin",3
3635853,"Mount Murray",3
7909467,"Col Mausolée",3
7746142,"Côte mausolée JPII Notre-Dame-des-Neige",3
9810257,"Chung hill",3
9942096,"Triathlon St-Lambert",3
7837337,"Tire-Bouchon (Corkscrew 112)",3
7837316,"Tire-Bouchon (Corkscrew 112)",3
7207101,"VSL Contre-la-montre",3
9407958,"Andes - Outardes counter clockwise",3
8506717,"Wilderton wrong way sprint.",3
619928,"U de M Music School Climb",3
5203457,"Côte de la musique",3
7468435,"UdeM Music Short climb",3
846855,"Boulevard Mont-Royal (sprint)",3
2247422,"Monkey Face",3
4857078,"St-Laurent (Ontario to Sherbrooke) SPRINT",3
8340901,"Rue Charlotte E. (Saint-Dominique / Sainte-Élisabeth)",3
4257388,"Small Berri sprint into Vieux-Port",3
9283716,"Le Paterberg sur Berri ",3
7168821,"Bonsecours Hill Climb",3
7816247,"Bassin de l'Horloge Crit",3
8285528,"CX Ile Ste-Helene",3
3995722,"CVG curve / no pin",3
9953219,"Saint-Germain CoteVertu_a_Eglise",3
6579600,"Cemetery Dash",3
7969450,"The Hockey Rink Breakaway",3
641590,"Ave Mccullouch",3
3467548,"Vezinet-McCulloch to Mt. Royal",3
5356218,"Voie Camillien Houde I",3
1482962,"Mont-Royal Pro tour",3
8340906,"Maisonneuve Dir. Est (court)",3
7663799,"St-Hubert UP : passe ailleurs si tu trouves ça trop dangereux",3
7110214,"St-Andre sprint",3
4783873,"CGV 1 Tour à partir du rond point",3
5083082,"Circuit Gilles Villeneuve N-E-S-O",3
2077279,"Epingle to Epingle",3
7249201,"Victoria Day Detour Loop",3
7339348,"TMR Crit",3
9178456,"Lunch Break Loop",3
9016841,"Laird up&down around Thibodeau Park",3
7155607,"TMR Sprint GMA Loop",3
5265019,"La traverse",3
7390409,"Cherrier vers l'est",3
3678220,"Bikurious Sprint Climb",3
4302187,"JC Kicker",3
4395959,"Courte montée vers pont JC",3
3923332,"Macdonald jusqu'à Tour de l'isle ",3
7869181,"I.Ste-Helene LOOP",3
2679544,"Under JC",3
9791841,"Montée Chemin MacDonald / Chemin du Tour de l'isle",3
3795805,"",3
9381669,"Chomedey Hydro Line Pt. 5",3
5629237,"Industrial Crit",3
9594418,"Argon 18 final sprint",3
4056583,"Laval Lac Only Loop",3
9376053,"Dip Dip EST",3
9376058,"Dip Dip OUEST",3
7403816,"StDom Beaubien StZoth",3
9728987,"Iberville Quick sprint",3
8466794,"Rue Saint-Dominique N. (Jean-Talon / Mozart)",3
5178703,"Lap around Parc Jarry",3
9091779,"Normanville (Beaubien - Bellechasse)",3
3920182,"Rosemont",3
7871556,"Bosses Bordeaux",3
4942078,"Montgomery climb",3
9907159,"Bercy climb",3
9378588,"Chomedey Hydro Line Pt. 1 (Reverse)",3
9378521,"Chomedey Hydro Line Pt. 1",3
2282652,"Pointe ouest (1)",3
4153754,"Pointe Ouest Mtl",3
9766901,"Rue Saint Zotique O. (de Lanaudière / de la Roche)",3
2064369,"Under Pass Ave De Lorimier à rue d'Iberville",3
7762338,"piste 1 - michel chartrand",3
7105518,"Côte machin",3
9876265,"Rue Claude Jodoin E. (7e / Canadien Pacifique)",3
5136278,"Sprint Côte du Pacifique N-S",3
5136476,"Sprint Côte du Pacifique S-N",3
9876327,"Rue Rachel E. (Chambly / d'Orléans)",3
4746255,"Boucle Ascention Cégep",3
8244019,"St-Hub - Sauriol@Sauvé",3
5136322,"Sprint du Boisé N-S",3
5136455,"Sprint du Boisé S-N",3
9166741,"Tour du Parc Maisonneuve-Pie/Sherbrooke ",3
4000554,"Olympic Laps",3
3862154,"Piste 4",3
9624501,"Boul. Laval à boul. L'avenir",3
5531594,"Boucle Route Verte - Pointe Est Laval",3
1597100,"Miron clockwize",3
8407170,"CX Urbain 2014 Montréal",3
6029570,"Cx Urbain de Montréal ",3
7796884,"Unicon 17 10km road race `loop`",3
7130663,"Des Pluviers mini crit",3
7928530,"Break run 2/4",3
5606469,"gravel lap - saint michel",3
5661836,"gravel lap - saint michel - clockwise",3
2250726,"Miron par la droite",3
7832701,"Unicon 17 CX loop",3
3909799,"Parc Maisonneuve (in & out)",3
2519394,"yo",3
4447443,"Montee Saputo",3
5966419,"Rue de Saint Firmin Climb",3
7621974,"JFP loop",3
1281168,"Parc Maisonneuve",3
1681439,"Papineau Leblanc Bridge",3
8496896,"Rue des Gênes S. (Transcanadienne/Rue Villeray)",3
2366786,"Tour de l'église",3
5040996,"Fin de parcours",3
5041019,"Début de parcours",3
4966784,"Tour entraînement 1 Vrai",3
4961456,"Tour entraînement 3 vrai",3
4905646,"Tour entraînement 2",3
4837277,"Côte du barrage à partir de la base",3
5884967,"CX Sand Pit",3
8411906,"CX Laval - Full Lap 2014",3
2654695,"la ballade des gens heureux",3
5889200,"CX QC Cup lap - Laval",3
6727887,"Autoroute Laurentian Climb",3
9910824,"La petite côte",3
5110940,"Côte du Ravin",3
8002103,"Combinaison R3-R4 Expert",3
4412398,"Montée Oudard lap",3
9675232,"Fontainebleau-Start-Montebello-horaire",3
4316990,"Cote Fontainebleau",3
7910889,"wicked ride",3
2738234,"Fontainbleau Speed Crit",3
2738237,"Fontainbleau Speed Crit",3
7555550,"Loop FB",3
7922558,"FB - Loop back",3
9465634,"Loop FB - 2",3
7905632,"Qoto short technical loop",3
4532374,"La petite roulante - MTB",3
7496470,"Loupe Seven ",3
10081568,"FontaineBleau (horaire) 2 laps",3
10096425,"FontaineBleau (horaire) 3 laps",3
4616341,"Pepe's loop",3
7555554,"Loop Zig Zag",3
8234203,"41e Avenue Climb",3
5290507,"Fontainebleau Loop École - Anti-horaire",3
4022969,"FontaineBleau Loop",3
7930965,"baseball slinger",3
7930971,"baseball fastball",3
5314665,"Boucle Chambéry (de Rang St-François)",3
8333711,"Critérium Parc industriel Bois des Filion - Terrebonne",3
7898984,"Boucle Milles-Iles - Côte Terrebonne",3
7764740,"Plaisance - Urbanova - Laval - Vieux Terrebonne",3
5779702,"Y inversé Vaillant 58km",3
5684868,"61,6 km par ch. St-Charles / Cabane Ronde",3
9654705,"Bon combo de single tracks terrebonne",3
10024133,"pitch only",3
5534157,"Boucle Ouest-Expert",3
9644262,"Gpat 7 tours",3
4111021,"segment final",3
7930368,"Training Loop Parc Industriel",3
6966254,"Loop - Côté boisée X Des Seigneurs",3
8840743,"Fat upper loop",3
9261409,"Don quichotte descente faites attention ",3
9256952,"don quichotte descend",3
5363908,"4e rue and 22 ave Ramp",3
5171353,"23rd Ave Climb - Ile-Perrot",3
1781114,"cote Don Quichotte",3
5398632,"20th Ave climb Ile-Perrot",3
1773484,"Ile-Perrot U",3
4578027,"25th Avenue Ile-Perrot",3
9822403,"mini sprint st joseph ",3
5171336,"24th Ave Climb Ile-Perrot",3
5171384,"22nd Ave / Du Sommet Climb Ile-Perrot",3
7930732,"Alta Velocità!",3
7252764,"Retour",3
9899737,"Jean Leman via parc Cherbourg",3
9499351,"Sprint Chambord",3
8840726,"Fat bike upper loop",3
8840692,"Fat Bike pain courting climb",3
7824082,"Galipeault to Blv de l'Île",3
7252714,"Montcalm Nord 1 de 2",3
5158109,"Delson-Ste-Catherni",3
7337125,"aut 30 to the golf",3
7337126,"aut 30 to the golf",3
9664477,"TT S-A-Bellevue/Senneville",3
9583078,"MacDonald Sprint Northbound",3
9562416,"Macdonald Sprint",3
7922147,"Downtown Kahnawake",3
1829573,"Candiac-Laprairie",3
5800507,"PeeBox to Pass",3
7113884,"Sainte-Anne Hills",3
7719720,"Old Malone",3
9369977,"sprint après JAC go to magnolia ",3
3664681,"Des Chenaux Bike Path",3
5167632,"triathlon senneville",3
5167565,"lap triathlon senneville",3
5675999,"Victoria Street Loop",3
7086069,"104 Sprint to Petro Can",3
2319355,"Chemin De Fontarabie Climb",3
1341872,"Apple Hill",3
9340497,"PS40 : KOM 1 : Elm / Apple Hill ",3
5443065,"Area 51 Drag Race",3
9906474,"Riverside Park to 90th avenue",3
5141559,"WCG : Interval 3 : Baie d'Urfe & Abbott",3
2255032,"Beaurepaire sprint",3
1829595,"Laprairie1-Laprairie2",3
5314419,"Laprairie-Laprairie Ouest",3
5945546,"Senneville Ender",3
7199323,"Downhill king",3
5272198,"WCG : Ferries Loop : Lakeshore part 2 : Morgan to Woodland",3
4343934,"Morgan's Reach",3
1463330,"Abbott Hills",3
5123390,"WCG : Interval 4 : Abbott Hills",3
7778823,"WCG : Interval 2 : Apple Hill",3
3705398,"Lakeshore around Beaurepaire West -> East",3
9316667,"PS40 : KOM 2 : ABBOTT",3
9456725,"woodland au Parc centenaire ",3
7720114,"Beaurepaire sprint (east bound)",3
5123433,"WCG : Interval 6 : Senneville Road Part 1",3
5123397,"WCG : Interval 5 : Path to Senneville via Pacific",3
9643212,"Industrial - Arboretum Climb",3
2177312,"Angell - Lakeview",3
2120375,"L'Aqueduc to Bishop Power 3K",3
2728057,"Lac La citière La Prairie",3
9939887,"Lac de la Citiere ",3
4111028,"Lac de la Citiere ",3
7232878,"90th Avenue (Airlie to Radisson)",3
9647492,"LaSalle Blvd Rollers",3
7232863,"90th Avenue (Radisson to Airlie)",3
1262801,"Last Bit of Lakeshore Before Beaurepaire (backwards)",3
686777,"Last bit of Lakeshore Before Beaurepaire",3
1809040,"Canal de L'Aqueduc to Parc Rene-Levesque",3
9665197,"Dave's Return Policy",3
1871599,"St-Charles Sprint",3
4190603,"Rene Levesque Park Westbound",3
4190620,"Rene Levesque Park Eastbound",3
4665294,"Piste Cyclable-Bike Path Brossard-La Prairie Taschereau",3
5669633,"Parc Illinois",3
9610886,"Parc Illinois full - Est",3
6865145,"Specialized's winter course",3
2189805,"Lachine Waterfront ride",3
9939905,"Par Radisson - Short",3
10097115,"RP Ch. Senneville South Climb (Short & Steep)",3
5629062,"Radisson to 132",3
9610865,"Parc Radisson - Est",3
7726847,"Matte -> Des Prairies Bike Path",3
8204983,"Quartier sprint - Matte to Prairies",3
4879021,"Charles will drop Dave one day segment",3
5594509,"S-E Brossard Loop",3
5589302,"Beaconsfield to Kirkland Crossroads",3
2255216,"Short Sprint St patrick Reverse",3
5642631,"Rivard - IGA sprint",3
5123370,"WCG : Interval 1 : Warm-up",3
665695,"EZ ride 14 juin 2011",3
7454801,"Ravel Sprint",3
5642636,"Rivard - Ch. des Prairies Sprint",3
1314884,"Specialized's course",3
8299077," WCG REV : Interval 1 : Warm Up (2)",3
9760981,"Cartier Sprint",3
9316569,"PS40 : Sprint 1 : Dorval Sign",3
6644968,"OLD VERSION - SPRINT!",3
9582617,"Clement to dollard before light",3
7790439,"Full Sprint St-Patrick East",3
7866633,"Dauphin Uphill",3
7866602,"Dauphin Downhill",3
5629084,"2/3 S-E Brossard Loop (Start Oregon)",3
8771193,"WCG : Full Course",3
4456379,"Baie de Valois",3
4456333,"Valois Bay",3
9625444,"Ville Saint Pierre 25 KM Segment",3
5757546,"Circuit de Tatiana",3
8204074,"Lapierre Home Sprint",3
829944,"KOM SBC Senneville",3
2591863,"behind specialized 2",3
2591860,"behind specialized 1",3
4506331,"Thrush to Lakeshore and St. Johns",3
1443163,"Rocky Single track",3
7339672,"Anse a l'orme ",3
2233276,"BGC Fly-by",3
3757306,"Quartier/Rome path",3
9527484,"Beaconsfield sprint",3
768108,"Up 42e On Grass",3
5669579,"Napoleon from Oceanie Sprint",3
4364699,"Rome/Quartier Sprint",3
7453893,"Quartier Sprint ( Leduc to Rome )",3
9240711,"Lugano",3
10097110,"RP Ch. Senneville Climbs (Going South)",3
686771,"Bouchard",3
7848786,"Leger north",3
9127081,"Napoleon - To Taschereau ",3
666068,"2 km TT Out",3
8343233,"Sharp Left",3
7019119,"Milton Ave",3
5123445,"WCG : Interval 8 : Senneville Road Part 2",3
666065,"2 km TT In",3
5123466,"WCG : Interval 9 : Anse a Orme",3
5655579,"Ste-Marie Sprint",3
2509283,"Finish strong sprint",3
1940833,"Olympic Way",3
4134114,"Service Road Sprint",3
2686149,"desErables",3
4052510,"Senkus Sprint",3
7453921,"Rome ( Quartier to Niagara )",3
7453828,"Rome ( Niagara to Quartier )",3
9586447,"Boul du Quartier to Rue Mistral",3
1224612,"3km out",3
9760946,"Elm to Hymus blast",3
4950072,"St.Johns to coolbreeze sprint",3
4484244,"cardinal east",3
9844073,"Sprint du canal",3
9917983,"Sprint du canal west",3
4607058,"Senkus Climb",3
8120225,"Senkus Sprint Reverse (Snks to Nwmn)",3
2417003,"Mini LaSalle Blvd Straightaway",3
1520662,"2kTT Saint-Charles service road West",3
2525647,"Excellence Blah Blahs",3
3795120,"Royal West Hill",3
9179654,"Bd Champlain - From Rue Crawford to Rue Woodland",3
7085257,"Ile des Soeurs - Pointe Sud",3
7377328,"Brook Climb",3
8160801,"Canal de l'aqueduct - Woodland à Stephens",3
5731587,"Rue Hadley Climb",3
2124180,"LaSalle Blvd Straight Away",3
9598670,"Reverse LaSalle Blvd Straightaway",3
7085300,"Ile des Soeurs - Straight du Golf",3
8290730,"Sprint Ch des Prairies à Rome",3
7568767,"Single Trac - Boul Pierrefonds a rue Gareau",3
5303542,"Milton-Avon Climb",3
7276769,"Techy Noonie",3
10065296,"Nuns Island Path. Golf Île des Soeurs - Boulevard de l'Île des Soeurs",3
4129269,"Sainte Marie Road Climb",3
4173810,"Coal Tower to St. Pierre",3
9948134,"Boul Pelletier ( 134 to Rome )",3
7453840,"Leduc ( Quartier to Lapiniere )",3
7453859,"Leduc ( Lapiniere to Quartier )",3
8086976,"Brock - 3 blocks...",3
4186220,"St. Pierre Bridge to Coal Tower",3
7126083,"Irwin short climb",3
8160772,"Canal de l'aqueduct - Jolicoeur à Woodland",3
9966568,"Beat the lights",3
8015914,"Long sprint Rome (tisserand-Tasch)",3
7749595,"Du Quartier -> Cormora path",3
1504473,"Sprint boul. du Quartier, Brossard",3
9844029,"Chateau Pierrefonds",3
7730630,"Jacque-Hertel, Monk to Mazarin ",3
1520160,"Sprint autour du golf",3
1896831,"Golf Boulevard Du Gartier",3
8155325,"55e South",3
2246185,"parc après l'île des Soeurs",3
1608042,"Nuns Island - Deep in the Woods",3
7106748,"Sprint Grande Allée à Lapinière",3
1489543,"leadout practice",3
5021881,"Lapiniere between Leduc and Bergerac",3
1753374,"Westminister",3
4602463,"Angrignon to Monk",3
4945029,"Police Anger Jolicoeur",3
2456666,"de l'église entre boul.lasalle et champlain",3
9591561,"Cavendish to Broadway",3
4602472,"Monk to Angrignon",3
4237667,"De L'Eglise Bridge to Coal Tower",3
4301213,"Avenue Bannantyne - From rue Hickson to rue de l'Église ",3
2391201,"Nuns Island Path",3
9948143,"Parc de la Terre",3
3723319,"Brunswick West",3
9587914,"Bl. Notre-Dame (Angrignon-Monk)",3
7397592,"End of Bridge Sprint",3
5123740,"To Champlain Bridge (North)",3
9948165,"Pont Pelletier ( Piste cyclable )",3
5594473,"Wavell Sprint",3
5400138,"Grand Boulevard Climb",3
2367565,"go bongo!",3
8261744,"go bongo! (détour travaux)",3
9357828,"Canal + Lasalle",3
8328217,"Des Sources / De l'Aviation - 20",3
8466800,"Boul. Cavendish Dir. Sud",3
5149304,"Saint- Jacques Sprint",3
4301827,"Along the Montreal Irish RFC Practice Field",3
4467358,"Along the Montreal Irish RFC Practice Field - Reverse",3
9966560,"The curve",3
2377930,"Verdun Auditorium Sprint",3
9599044,"Msgr Richard School to Crescendo Restaurant",3
6981631,"Melrose to King Edward Sprint",3
1836979,"Sprint (around home) 03",3
2003281,"Pont de l'Ile-des-Soeurs",3
4187241,"Girouard-Hampton",3
7435923,"These go to eleven",3
9984501,"De l'Église to Bridge",3
5130365,"Pont A15 à pont Rue Beaudoin",3
2658830,"Wellington Night Ride",3
9229808,"Nuns Island Bridge - From Rue Gilberte Dubé to Bd de L'Île des Soeurs",3
9229800,"Nuns Island Bridge - From Bd de L'Île des Soeurs to Rue Gilberte Dubé",3
7727091,"Sprint to Verdun ",3
7481514,"Lapinière (Taschereau à Milan)",3
9179933,"Salabery  Stretch East",3
2046231,"CSL 5K",3
8258515,"Girouard to Harvard Sprint",3
3606939,"Decarie-Hampton",3
2353234,"Bridge to De l'Église ",3
5920457,"Canal de Lachine - From Parc Gadbois to Parc Gedeon-De Catalogne",3
3626796,"Henri-Duhamel to Caisse (via : Blvd Lasalle)",3
9966600,"Av. Verdun (De L'Eglise à Atwater)",3
9896078,"Av. de Monkland E. (Kensington / Wilson)",3
4162784,"GrandBoulevard(Maisonneuve-Fielding)",3
9896080,"Avenue Wilson S. (Monkland / Notre-Dame de grâce)",3
2189508,"St-Jacques (St-Remi to Decarie)",3
9344399,"Montée St-Jacques (CUSM)",3
7841490,"Girouard park sprint",3
1753270,"Kildaire",3
2155319,"Kildare Reverse ",3
3684298,"Guelph/Heywood Sprint",3
9896082,"Avenue Notre-Dame de grâce O. (Wilson / Girouard)",3
9384940,"El sprint du Château",3
4952102,"Verdun, LaSalle, stop @ École sec. Mgr-Richard",3
9316359,"Boul NDG Sherbrooke ad Girouard",3
9898212,"cusm",3
9344408,"Décarie (Maisonneuve à Côte-St-Antoine)",3
8466803,"Av. de Monkland E. (Cavendish / Girouard)",3
8466807,"Av. Girouard S. (Monkland/Sherbrooke)",3
5123979,"To Lachine Canal!",3
7897257,"St-Patrick: Angers-Atwater",3
2027245,"Boulevard LaSalle (Rue Centre / Rue Strathmore)",3
4957106,"Parc du Pont Champlain",3
8328209,"De l'Aviation Ouest",3
6967782,"Mackle Tackle Reverse",3
1828963,"Tackle Mackle",3
3956796,"Girouard South",3
8466809,"Rue Sherbrooke E. (Girouard / Victoria)",3
7146889,"Mom's hill bomb n climb",3
1690240,"Lachine Loop - path only",3
4582524,"Petite montée entre Monseigneur Richard et le pont de l'ile des soeurs",3
4023855,"Tour de Juif",3
8341036,"Ellerdale - Fielding Ouest",3
5779141,"Clanranald Avenue Climb",3
2396700,"Villa Maria Sprint Reverse",3
4125262,"de Maisonneuve End Reverse",3
1527026,"Westmount to st-ambroise dh",3
7365694,"Simard via Victoria ",3
3589694,"Boul. Simard dir. Ouest",3
2003299,"Boulevard Simard",3
5598293,"Parc de la Marina à Victoria",3
7928767,"ANobel to StFrançois on Fleming",3
1686389,"Fleet Wood Mac Attack",3
8341061,"Fielding - Ellerdale Dir. Est",3
8024989,"Villa Maria climb only",3
9254883,"Sud-Ouest/Lasalle/Verdun - Reverse",3
2743948,"Sommerset Climb",3
8011236,"Blvd Pierrefonds to Salaberry",3
5047950,"Sprint Frédérick Banting",3
2148634,"Avenue Clanranald Climb",3
8338809,"Roslyn: le mur du bas",3
3626751,"Rue Charlevoix (Bridge Sprint)",3
5081228,"Sprint de la Cité",3
1723962,"ST JEAN TO DES SOURCES",3
8328206,"Frederick Banting / Nobel - André",3
9639299,"Technopark Westbound Southside",3
9571044,"Snow dump stretch",3
8341009,"Rue Finchley - Croissant Merton Sud",3
5124304,"Cavendish to Decarie",3
2401469,"St Jacques towards Atwater",3
7234986,"Grosvenor - From Westmount to the Blvd",3
638465,"Grosvernor",3
2406061,"Lansdowne - down",3
7864025,"Full Victoria Downhill (The.Blvd/Msnn.O)",3
2580251,"Atwater to Ecluses St-Gabriel",3
7358898,"Ped Bridge to Atwater",3
2040149,"Riverside sprint2",3
2942643,"Circle Rd climb",3
5399285,"Av. Roslyn",3
4493642,"Park to Clarke",3
1926379,"Avenue Greene",3
1202396,"Roselyn - standing up, don't cheat !",3
5216737,"Lachine Ouest",3
1708253,"Lachine loop - paths only, anticlockwise",3
9451183,"RP Montee Wilson - Montee D'Eglise",3
7246210,"Salaberry - Sources to St-Jean",3
9368066,"Hymus-on ramp  to Sources",3
4134107,"Montee de Lisse",3
9896035,"Rue Dufferin N. (Ellerdale / Ferncroft)",3
7647720,"Landswone to Carleton Sprint",3
2452577,"Canal Lachine 2 (après detour)",3
8253279,"Wellington West 2k",3
9636573,"Wellington 2k Northbound",3
1463174,"Carrie-Derrick - Westbound",3
1549124,"Carrie-Derrick - Eastbound",3
2572322,"St-Hubert city on the lake",3
9368058,"Hymus-Sources to Nobel",3
9324134,"St-François Dip",3
10078496,"Liesse to Cavendish",3
8341007,"Rue Dufferin Sud",3
8341063,"Rue Dufferin Nord",3
3756959,"Sunnyside (Victoria - Lexington)",3
8204306,"Atwater Downhill Extended",3
3862249,"Regent Ouest",3
5541573,"Sprint Pierre Thomas Hurteau (Nord)",3
4052913,"Montée Wilson - Sud",3
4052894,"Montée Wilson - Nord",3
1704510,"Fleet. Cavendish to Decarie",3
7373547,"Clan Sprint #2",3
7373477,"Coolbrook Sprint",3
5947446,"Clanranald Stretch",3
662841,"ave Clarke",3
9911222,"Avenue Lionel-Groulx O. (Lionel-Groulx / Atwater)",3
5216708,"Lachine Est",3
4945088,"Ça pue la marde de cheval",3
7508215,"Boissy ",3
3903486,"simard",3
1467745,"Bridge to de L'Eglise Loop",3
9296464,"Saint-Régis WEST (Sunny to Deacon)",3
7013035,"Matrox madness",3
4134139,"CV Swoop",3
2821511,"upper upper",3
1741155,"Blvd Decarie",3
695541,"Bellevue +",3
7358455,"St-Sulpice to Montrose",3
3872062,"Detour Sprint",3
3872468,"Canal Lachine Sud (detour)",3
5907148,"Seminary St Climb",3
4237616,"Wellington to Charlevoix",3
4475558,"Lachine Detour Ouest",3
7762246,"Bassin #4 - court",3
4475637,"Lachine Detour Est",3
3836260,"Pont détour",3
9915309,"Paris-St Lambert-Roubaix Ouest",3
9915275,"Paris-St Lambert-Roubaix Est",3
7365674,"Final Stretch ",3
9384680,"Parc Gérard-Carmel (Kimber à Payer)",3
7524029,"Saint Régis (Reverse)",3
2534537,"Saint-Regis Straight",3
7373492,"Liesse Expy Sprint",3
7373509,"Liesse Expy Sprint Reverse",3
1573220,"Mt. Pleasant (to Blvd)",3
7089116,"Roslyn-Edgehill-Summit",3
8471246,"Chemin des Moulins S. (Mill / Pierre-Dupuy)",3
4942054,"St. Jacques - Little Burgundy",3
9632135,"V.C. Métropolitain",3
7239058,"Hippodrome Sprint",3
7255929,"Hippodrome Sprint Reverse",3
9896043,"Rue Vézina E. (Clanranald / Décarie)",3
9888698,"Blvd. Décarie N. (Van Horne / Vézina)",3
4547300,"Mont Plaisant top quarter",3
4993268,"The BLVD to Sunnyside",3
7109785,"Bassin Peel Lachine",3
2452542,"Canal Lachine 1 (avant detour)",3
7699497,"Zig-Zag pont victoria direction sud",3
9287872,"Pont 132 direction nord",3
2320343,"Sprint Riverside",3
2726104,"Riverside vers l'ecluse",3
2259169,"Riverside - Victoria -> Acces 132",3
4114104,"Rivermere",3
7797023,"Decarie Underpass Sprint",3
2230800,"Belvedere switchbacks",3
4291638,"Guy short hill",3
6119622,"Seymour Avenue Climb",3
4960660," Going Around Victoria - Reverse",3
2470062,"Rue Balmoral Climb",3
1786386,"Bois De Liesse Complete",3
1125426,"Home Strech",3
1125414,"En partant",3
7240298,"Côte vertu over 40",3
1945099,"voie de service est",3
7526209,"Ridgewood DH",3
4652409,"Ridgewood 2",3
7381902,"Cote des Neiges / Decelles - Remembrance",3
5263148,"Top Atwater DH",3
1673150,"Avenue Atwater (Sherbrooke - Penfield)",3
6832324,"Mcdougall - Atwater DH",3
8471241,"Rue Mill O. (Mill Bridge / Riverside)",3
5408170,"Mill Five Roses Short Sprint",3
9437821,"Lachine Detour 2015 Est",3
1124249,"Notre-Dame  - Toward Downtown",3
9437813,"Lachine Detour 2015 Ouest",3
7961433,"Springfield Stretch",3
5066827,"Cohen + Marc Blain",3
5652551,"Trans-Can 40 Sprint",3
8218124,"Pare_Decarie-to-Devonshire",3
5639424,"Lacombe (Westbury - CDN)",3
1220690,"Ridgewood",3
7132415,"Darnell's Best",3
3984696,"St-Antoine to Canadiens on de la Montagne",3
4130898,"Jardins des Écluses and Mill St Bridge",3
4301854,"Jardins des Écluses and Mill St Bridge - Reverse",3
2026225,"Rue de la Commune (Bassins Peel)",3
1238255,"Promenade Du Vieux Port Climb",3
5861932,"Payer à Soucy",3
9786589,"GV Sprint",3
3973388,"40 Ouest Sprint",3
1945119,"voie de service ouest",3
7555574,"Devonshire from Royalmount to 40",3
8218162,"Devonshire_Pare-to-40",3
1581256,"Devonshire Straight - BB to 40",3
8341069,"Rue Vézina E. (Dufferin / Victoria)",3
8340994,"Vézina Ouest (Victoria - Macdonald)",3
1110482,"Côte-des-neiges to Poly",3
4593022,"Montee_Peel_Short",3
1222218,"Montée Peel 1",3
4801826,"Circuit GV cycling road",3
1092899,"Rue Perrier Climb",3
9969531,"Park clockwise",3
6984011,"Royalmount Sprint",3
7253948,"Victoria underpass",3
8340978,"Avenue Victoria S. (Jean-Talon / Vézina)",3
4994273,"Van Horne Climb",3
5266367,"-= Victoria North =-",3
7158172,"Cote Saint Catherine End / Beginning",3
8471113,"Rue Prince Sud",3
2453599,"Circuit Gilles Villeneuve",3
7664751,"Namur Triangle",3
5377402,"Rue Pare",3
846254,"Avenue Alexandra Climb",3
5801669,"St-Louis Sprint (ouest) - Lemoyne",3
4032453,"Davis",3
5108280,"bld Pierrefonds st-Johns to Fredmir",3
5107976,"bld Pierrefonds Fredmir to st-Johns",3
5108128,"bld Pierrefonds st-Johns to Fredmir",3
5370010,"Thimens - Poirier@Bois-Franc",3
8218153,"DelaSavane-to-Decarie",3
7664747,"Rue de la Savane",3
7074151,"Polytechnique - steepest section",3
7987390,"McGill de St-Jacques à Wellington",3
8471262,"Av. Pierre-Dupuy E. (Habitat 67) ",3
9978723,"Cote-Vertu to Aldo",3
2422801,"Plamondon Sprint",3
7671466,"Guy uphill ",3
2273169,"Montée Jacques Bizard",3
8218181,"Marlett_StLouis-to-DuCollege",3
9228169,"Queen-Mary uphill (Victoria-Decelles)",3
620191,"Oratoire St Joseph",3
674426,"ch. de la Rampe",3
7849363,"Peel Push - Sherbrooke to Docteur Penfield ",3
1176830,"Beaver Hall",3
1840013,"Atwater/Saint Sulpice Short Safe",3
7381906,"DrPenfield",3
7558146,"riverside nord sprint",3
5807951,"Rue Montcalm Sprint (est) - St-Hubert",3
5794480,"Rue Montcalm Sprint (ouest) - St-Hubert",3
7364058,"St-Hubert Bonaparte (Est)",3
7364050,"St-Hubert Bonaparte (Ouest)",3
8162524,"St-Hubert Emeraudes Extented (South)",3
7246604,"Sunnybrooke / Gouin - St-Régis",3
5642111,"bois-de-liesse2",3
6983389,"Côte des neiges clmb. to Côte Ste-Cath",3
4435681,"Downhill cdn",3
4364673,"CDN Climb",3
1553155,"Summit Cir Climb",3
2360882,"Mont Royal Top Loop",3
1919327,"Maisonneuve - Drummond/University",3
3862246,"Gareau/Soucy",3
9451299,"RP Top of Montee de l'Eglise Downhill to Ch. Bord du Lac",3
9971201,"Montée de l'Église - de rue du Golf au Top",3
9787910,"Henri-Bourassa, Thiemens to Douglas B",3
9395740,"interval into wind",3
5369794,"Poirier - Cavendish@Thimens",3
7671540,"CDN Sprint downhill 2 ",3
2155212,"Van Horne Downhill",3
8441614,"Cimetière: côte de la sortie Rememberance",3
7165169,"Côte de la Place d'Armes",3
5836376,"Blvd Edouard Sprint (est) - St-Hubert",3
2905975,"Grande Allee to Bridge",3
5400149,"Viaduc 116 à Parc Gérard-Carmel",3
5064553,"Montée de l'Église North Side",3
9875210,"Montée de l'Église - to Chèvremont",3
8218187,"StAubin_DuCollege-to-DeLeglise",3
4674973,"Alexis Nihon Northbound sprint.",3
3973465,"Short Spint",3
9953254,"SaintAubin_a_CoteDeLiesse",3
9953310,"CoteDeLiesse_a_Eglise_Via_Tait_Nord",3
9953335,"CoteDeLiesse_a_Eglise_Via_StAubin_Nord",3
7397655,"Decarie Overpass - Eastbound",3
1558064,"Chemin Lucerne",3
8191384,"Kent part sprint",3
3935173,"Backside Camillien DH",3
8435226,"Montée Aylmer (courte)",3
4357119,"Brevet 200",3
7042772,"Flipper Ramp 116 - Direction nord",3
4399715,"Viaduc 116 à  Soucy",3
4946210,"E. Emingway - Cavendish@Celine-Marier",3
5440819,"Sprint de la lumiere jaune",3
2644124,"Mountain View South side",3
2436595,"Remembrance Sprint",3
674416,"ch. Rememberance v2",3
2227344,"McGill-a Gorilla",3
7058078,"Parking to Remembrance Top",3
6570267,"OLMSTED climb to the top - half loop",3
8346351,"Mont Royal Top Loop Final Sprint 300m",3
5724936,"Pont-Concorde to Casino",3
2377404,"Ile Notre-Dame",3
660047,"Dans le Bois-de-Liesse",3
4756297,"Thimens",3
9437963,"Alexis-Nihon - Poirier - Ouest",3
4950615,"Sprint Alexie-Nihon - Cote-Vertu@Thimens",3
9035147,"Garden Cemetery sprint",3
9598679,"Garden cemetary sprint reverse",3
1341399,"Murray",3
8471083,"Boul. de Maisonneuve O. (St-Urbain / Union)",3
8435223,"Rue Alymer N. (René-Lévesque / Prince-Arthur)",3
6500142,"Vieux Port westbound",3
6346047,"Vieux Port eastbound",3
4966267,"Concorde to Victoria ",3
9915375,"Piste Canine Est",3
9915341,"Piste Canine Ouest",3
9794893,"Forêt et Parc 116",3
4789165,"Edouard sprint est (short)",3
2255455,"Raoul (ouest)",3
3586991,"Caven for some Thimen-bits.",3
7715367,"AteliersMunicipaux@Thimens/Alexis-Nihon",3
7194264,"Chemin Saint Clare",3
7605821,"L'express Bedford",3
1528851,"Édouard-Montpetit (TT)",3
1844227,"Édouard-Montpetit, vers sud-ouest (TT)",3
2378285,"Silent Hill",3
2428863,"Montee Des Pins de Parc à Peel",3
7381903,"Cote des Neiges / Remembrance - Atwater",3
1207529,"Pine ave. Climb",3
4475591,"Vieux Port Ouest",3
1612261,"CGV Sprint Finish",3
7726857,"Darveau to Chambly",3
1844295,"116 Richmond",3
10024772,"Airport Part 2",3
7207436,"Sunnybrooke - Roxboro",3
1967133,"SteCroix_DuCollege@Metropolitain",3
1967115,"SteCroix_Metropolitain@DuCollege",3
1966877,"Darlington_Bates@VanHorne",3
2189002,"La petite côte Mont-Royal ",3
1241575,"Avenue Des Pins Ouest Climb",3
8435240,"Montée Rue Hutchison (nord)",3
5195527,"Ontario climb",3
4475658,"Vieux Port Est",3
7055794,"Sherbrooke / St-Urbain - McGill College",3
7207108,"TT vent de l'est",3
8188997,"My house yo senneville and back",3
4946203,"Alexie-Nihon - C. Darwin@Thimens",3
4945396,"Alexie-Nihon - Thimens@C. Darwin",3
9953240,"SaintGermain_a_SaintAubin",3
5093675,"Town Hall sprint",3
8155475,"Montée Claude-Champagne",3
5356259,"Voie Camilien Houde III",3
5356236,"Voie Camilien Houde II",3
4891929,"Rue de Bullion Climb",3
7088497,"Blv desaulniers vers le fleuve",3
7207128,"TT vent de l'ouest",3
4675046,"Cavendish Thiemens-H.B sprint",3
4226285,"Alexis Nihon Southbound",3
7715377,"Rue de l'Église_Alexis-Nihon@Saint-Croix",3
1966767,"Graham_Metropolitain@Kindersley",3
1332778,"Tit Sprint",3
1966989,"Wilderton-Descent_VanHorne@JeanTalon",3
698140,"Van Horne (Outremont, westbound)",3
7289135,"Vimy Sprint",3
9170981,"UpHill Av du Parc via BikePath",3
5684736,"St-Urbain - Pine to Milton",3
2660222,"1st strech CGV",3
4876174,"Blvd Desaulnier",3
7494944,"Av. Kindersley",3
8065811,"Jean-Talon entre Victoria et Côte-des-neiges",3
7035442,"Boul. Laird",3
2380242,"Pratt Park short climb",3
7381899,"CoteSteCatherine / Stuart - Vincent D'Indy",3
4859978,"UdeM Dropdown",3
847702,"Avenue Pagnuelo",3
8154966,"Mt-Royal Blvd DH",3
1597955,"Maisonneuve - St-Denis to St-Laurent",3
5205004,"Olmstead base sprint to first turn",3
9583124,"Riverside dans le parc (nord)",3
8285500,"Chambly Sprint Short",3
9801562,"Saraguay single track E-W",3
8218112,"Deleglise-to-CoteVertu",3
7194272,"Ste-Croix - Hodge à Côte-vertu",3
7564727,"Av Sainte-Croix N-S",3
4807137,"SteCroix_CoteVertu@Metropolitain",3
4782547,"Graham S-N",3
4782480,"Chemin Canora N-S",3
7059627,"Sprint du parc, arrivée avant la lumière.",3
7263943,"Sprint Overpass Notre-Dame East",3
1841259,"Tiffin Push",3
9229157,"Tiffin-Desaulniers : St-Thomas à Lafayette",3
4577913,"Little sprint",3
2118177,"Parc Île bizarre ",3
1580813,"Pratt Climb",3
6957668,"princearthur-rachel",3
1318928,"Avenue De Chateaubriand Climb",3
5056303,"Sprint d'Ontario",3
3911810,"Tiffin Sprint",3
4407602,"St-Hélène Est - Longueuil - No Light - 1 de 2",3
7691927,"St-Hélène Ouest - No Light - 2 de 2",3
4359847,"TIFFIN UP TO ST GEORGES",3
3972955,"St-Hélène Ouest - Longueuil ",3
3987784,"St-Hélène Est - Longueuil",3
8269642,"Ch. Chambly - Roberval to De La Savane",3
3992347,"Marécage Sprint",3
3992303,"Marécage Sprint Reverse",3
1470693,"Lajoie Bump",3
4529696,"CoteSteCatherine_VincentDIndy@Villeneuve",3
638462,"Chemin Olmstead",3
1309371,"Berri - Short Downhill",3
1167993,"Berri from Viger to Cherrier",3
4761650,"Demi - Tour de l'Isle ",3
4233273,"Mcdonald Rd. ( Ouest )",3
7447508,"Lafayette to Ste-Foy",3
5346406,"Ile Bizard-Horaire-Traversier",3
5111010,"Canora East",3
5298758,"Dunkurk - Graham@Metropolitaine",3
7931663,"Rue Hodge Est",3
4661224,"viaduc rockland sud",3
4661233,"viaduc rockland nord",3
8488879,"Mini Loop - Ile Sainte-Helene",3
9365748,"la straight ",3
4953461,"Ch. Principale -> aut. 640",3
7736366,"WCG : Ferries Loop : Principale Part 1",3
4070342,"Sprinting to reach Gandhi",3
5298710,"Spring Hodge - Stinson@Ste-Croix",3
7945343,"Av. Cornwall sprint",3
2250654,"Boul. Graham Laird-Rockland",3
9178445,"Stinson Sprint",3
4782531,"Chemin Bates E-O",3
4475516,"Radio-Canada Est",3
4475512,"Radio-Canada Ouest",3
7323298,"Pont to Pont ",3
1450840,"Première montée pont Jacques-Cartier à partir de La Fayette",3
9949777,"Rue Toupin - HB à J-B",3
7878458,"La Fayette de Curé-Poirier jusqu'au pont",3
8319482,"Pont JC  la Fayette à St-Charles",3
7342430,"Ch du Bord-de-l'Eau O-E",3
8218213,"CoteVertu_SteCroix-to-Muir",3
7616081,"Mc Eachran ave",3
1966923,"Bates-Sprint_Wilderton@Darlington",3
3463202,"Viger",3
1727711,"Sprint to hairpin",3
5618246,"Rue Moreau Climb",3
4287760,"Bd Toupin",3
5629333,"Deslauriers Sprint N",3
2380106,"Deslauriers North sprint",3
5291046,"CH (After FLAT to TOP)",3
7608833,"Heroux Sprint",3
3987787,"Ch. Chambly @ R100 ",3
3972968,"R100 @ Ch. Chambly",3
5111017,"Canora West",3
2053661,"Camilien Houde Pt.1",3
4849377,"St. Laurent - uphill between the bike routes",3
3640545,"Poulet Portugais",3
7368534,"Rue Saint-Hubert - Cherrier to Rachel",3
1796773,"Mntee JacquesCartier ",3
5599185,"JC climb ",3
2561297,"Montréal à Statue de JC",3
8069439,"Pont Jacques Cartier - Ile Saint-Hélène direction NORD",3
7246583,"Jean-Bourdon",3
9511791,"TMR 10km",3
9035111,"Dumfries "Boxing Day earthquake" to the West",3
4163891,"parc_vanhorne",3
8088268,"Clark - De Laurier à Bernard",3
7055786,"St-Urbain / Bernard - Sherbrooke",3
1382585,"Parc Lafontaine - downhill",3
8318291,"laurier, st-denis to st-laurent",3
1318931,"Boulevard Taschereau & Autoroute 20 Climb",3
9865945,"Déchômé",3
7468631,"Poirier West-East",3
7468615,"Poirier East-West",3
6586157,"St Laurent Park west-to-east",3
7154748,"Boulangerie",3
5629293,"Benjamin Sprint",3
8045671,"Av. Beverley sprint",3
1166949,"Boleil",3
8509362,"Rue Clark S. (Arcade / Laurier)",3
7827567,"Marcel's Hump",3
5629289,"Wright Sprint",3
4782542,"Chemin Canora S-N",3
9564216,"Selwood TMR (S-N) (Attention: contre-sens à Lacrosse)",3
4782473,"Chemin Bates O-E",3
5677110,"Beaumont - Acadie@Parc",3
8435294,"Avenue Laurier E. (Henri-Julien / Saint-Hubert)",3
7836075,"Beaumont CX - TT",3
3465585,"Parc avenue",3
5298841,"St-Laurent (Longueuil)",3
10002675,"avenue des bois direction est",3
5629282,"Deslauriers Sprint E",3
7640039,"L'Acadie TMR",3
5898188,"Bloomfield- St-Viateur@Mt-Royal",3
3286200,"Rue Boucher Climb",3
8435249,"Avenue Henri-Julien (dir. nord)",3
2026177,"Bike Line RL1",3
3904550,"Avenue de Chateaubriand Climb",3
7673611,"catch the light",3
4302162,"JC Bridge half way",3
9494677,"Ste-Foy (du ch. Chambly à Ste-Hélène)",3
5322846,"Sprint Peupliers Sud",3
5322860,"Sprint Peupliers Nord",3
9384536,"Chomedey Hydro Line Pt. 4 (Reverse)",3
9381664,"Chomedey Hydro Line Pt. 4",3
4858989,"Grenet Pont 2",3
7968712,"Spaghetti Sprint - court",3
5407791,"Rue Robin Climb",3
7344278,"De Lorimier, Maisonneuve à Sherbrooke",3
4127278,"Université Sherbrooke à Longueuil Sprint",3
5135055,"Grenet Pont N-S",3
8290782,"Rue Saint-Dominique S. (Saint Zotique / Bellechasse)",3
7381895,"Bellechasse / St-Denis - St-Laurent",3
7477407,"Piste_sprint_stAndre@stDenis",3
8062429,"Laurier - Piste cyclable Brébeuf > Saint-Denis",3
9857920,"Côte-Sainte-Catherine, de Laurier à Mont-Royal",3
7390415,"Brébeuf vers le nord",3
7719618,"St Denis - Roy 2 Rachel",3
2318458,"Brebeuf (South)",3
2148542,"Sprint Bellechasse vers l'est",3
4901982,"Montée Fullum",3
4747644,"Grenet Pont",3
5037873,"Grenet Pont 3",3
5382563,"CoteVertu_To_Metropolitain",3
7526221,"Laird Pt.2",3
9766995,"ST-URBAIN PINA",3
4849935,"Rosemont to jean talon",3
2440712,"Short on Christophe Colomb (North)",3
5120396,"Jean-Talon à Mont-Royal via Clark et St-Urbain",3
8340927,"Rue de Brébeuf Dir. Nord",3
1597941,"St-Denis - Saint-Joseph to Rachel - Downhill",3
4237215,"Quinn",3
4830910,"Chemin d'Oka - From 5e Avenue to 20e Avenue",3
5440800,"Sprint du viaduc de la 15",3
9763770,"Sprint viaduc 15 sauvé WE",3
10091467,"Chemin de la Côte de Liesse E. (Rockland / Acadie)",3
7993249,"Mini Sprint Jarry sous Viaduc",3
4105275,"L'Acadie. JT to CV",3
9035139,"Dumfries "Boxing Day earthquake" to the East",3
7640027,"Querbes",3
7660955,"Querbes [40-Beaumont]",3
4380835,"Sprint petite Italie",3
4315259,"Avenue du Parc la Fontaine",3
5529832,"Descente de la SQ",3
5893530,"Rue Moreau Climb",3
4127268,"Sprint Saint-Charles",3
9612422,"Ste-Rose - Digue",3
4675080,"Notre-Dame 100e - Pierre",3
4612424,"Notre-Dame - Pierre - 100e",3
4070352,"Lachapelle bridge",3
7055762,"L'Acadie / Sauvé à Henri-Bourassa",3
4000534,"Viaduc Esplanade@Querbes",3
4000518,"Viaduc Querbes@Esplanade",3
9040837,"Gary Carter sprint "Coup de circuit"",3
9568855,"ST-Dominique_S(Sprint_Jean_Talon)",3
5684751,"Av Mont-Royal - St-Laurent to Christophe-Colomb",3
2268773,"Bert's downhill",3
3920264,"Frontenac entre Hochelaga et Sherbrooke",3
9981945,"Lemoyne_Joliette@Chambly",3
1381306,"Laval sur le Lac .1",3
7543475,"Principale full downhill",3
9384545,"Chomedey Hydro Line Pt. 3 (Reverse)",3
4102383,"Levesque O",3
7706794,"Arrière-Marché",3
8341082,"Av. Querbes Dir. Nord  (Marché central)",3
4956633,"Sprint Castelnau-Gounod",3
7390418,"Boyer / Rosemont - Beaubien",3
1240740,"Brebeuf Cycling path and Parc - downhill",3
7671640,"Sprint up St-Joseph ",3
8549805,"De Lorimier - Rachel to Gilford",3
1844641,"St-Cath little hill",3
3782999,"Avenue Climb",3
9381661,"Chomedey Hydro Line Pt. 3",3
4163909,"viaduc beaumont",3
9704507,"Côte Frontenac - Ontario to Hochelaga",3
9742771,"St-Laurent_joliette@chambly",3
2373639,"Laval-sur-le-Lac Loop",3
1525323,"St Martin W",3
9378567,"Chomedey Hydro Line Pt. 2 (Reverse)",3
9378527,"Chomedey Hydro Line Pt. 2",3
10091508,"Boulevard de l'Acadie N. (Côte de Liesse / Sauvé)",3
2319302,"Short on Christophe Colomb (South)",3
2355136,"Côte Fullum",3
9742746,"St-Laurent_chambly@joliette",3
5099936,"Montée Deux-Montagnes",3
5271835,"WCG : Ferries Loop : 20 Avenue",3
1382879,"Ch St-Antoine",3
1632897,"Mongolfier",3
7055758,"St-Laurent / Jean-Talon à Crémazie",3
5554957,"St uBiere",3
9281489,"Parc Marquette est",3
4665993,"Dandurance",3
7671565,"Les bosses Papineau downhill ",3
2026147,"Bike Line ND2",3
2026155,"Bike Line ND3",3
4000937,"Rue Saint-Charles",3
9921358,"sprint_deGentilly",3
4749595,"Montée Principale,[Brady-Bastien] Ste-Do",3
1382851,"Rue Principale, Ste-Do",3
1691658,"148 Des Bois-Mtee Gravel",3
9911253,"Avenue Casgrain S. (Guizot / Gounod )",3
8466814,"Rue Saint Zotique O. (Rue de Lanaudière/Rue Boyer)",3
7594691,"Molson",3
9742797,"deNormadie_st-laurent@gentilly",3
9742727,"deNormadie_gentilly@st-laurent",3
9224487,"Blvd Gouin - Parc à HSC",3
9911257,"Rue Guizot O. (Casgrain / Reims)",3
8504552,"Rue Berri S. (Jarry/Faillon)",3
5238589,"Henri-Julien",3
4564521,"Lajeunesse (Jean-Talon/Jarry) Nord",3
8290912,"Rue Bélanger E. (Boyer / de Lanaudière)",3
10043579,"Rue Rachel E. (Emile-Duployé / Bercy)",3
9612425,"8e avenue",3
7340014,"Boul. des Prairies Sprint I (Ouest)",3
9035201,"You've got BALL toward Parc Jarry",3
8504560,"Rue Faillon E. (Berri/St-André)",3
4933582,"Sprint Chateaubriand",3
4138923,"Saint-Germain Up",3
4475505,"Hochelaga Up",3
4015534,"Straight to overpass",3
9365811,"Bord de l'eau - Passerelle 1 à 3",3
3911797,"Little Bridge",3
5020846,"Desrochers Sprint N-S",3
5021099,"Desrochers Sprint S-N",3
7301730,"Ave Micro (sud)",3
7389995,"Ave Micro (nord)",3
5408545,"Rue Fleury Ouest Climb",3
10091525,"Rue Sauvé O. (Acadie / Saint-Urbain)",3
3512390,"Beat the Main- Sprint",3
5726169,"St-Denis, Cremazie à Castelnau",3
9911342,"Rue Boyer N. (Everett / Villeray)",3
2317004,"Boyer (South)",3
10076003,"dos d'ânes",3
9908038,"C-P_sprint",3
7305960,"OLD VERSION - Boul. des Prairies Sprint II (Ouest)",3
7301870,"Boul. des Prairies Sprint II (Est)",3
9763782,"Sprint Sauvé [Acadie@St-Laurent]",3
10091553,"Rue Saint-Urbain N. (Sauvé / Fleury)",3
10066859,"Port-Royal - St-Laurent à Meilleur",3
4287481,"Saint-Laurent Bd - From Sauvé St to Métropolitaine",3
2775429,"Côte Papineau",3
9901957,"Préfontaine -> Joliette",3
1800086,"Parc de la Merci O-E",3
10074699,"2 Parcs : E-O",3
10066874,"Tolhurst - HB à Gouin",3
2470037,"Short on Alley (South)",3
2582846,"St-Denis, Bellechasse à Jean-Talon",3
8504576,"Rue St-Zotique O. (Louis-Hémon/Châteaubriand)",3
1595990,"Bellechasse West",3
7206683,"2e ave push",3
2026141,"Bike Line ND1",3
9876296,"Rue du Canadien Pacifique S. (Claude Jodoin / Omer Lavallée)",3
7380362,"Frontenac Rouen/Sherbrooke",3
9965581,"Parc de la Merci TOTAL",3
8356238,"courbe crémazie ",3
7787277,"Beaubien DeLorimier@Iberville",3
4021107,"Chambly Uphill (Hochelaga-Sherbrooke)",3
2465192,"Rachel - De Rouen (South)",3
2377919,"59e Avenue, Laval",3
2721267,"Montée Champagne",3
2721281,"Montée Champagne (Reverse)",3
5002717,"La Cité de la biotech S-N",3
5020167,"La Cité de la biotech N-S",3
4784498,"Saint-Laurent sprint",3
4287413,"Saint-Laurent Bd - From Henri-Bourassa O. to Sauvé St E.",3
6720522,"Laverdure - Fleury to Sauvé",3
4090814,"Berri (Sauve - Legendre)",3
1959999,"Ahuntsic Straight Sprint",3
5136443,"Le Mistral gagnant S-N",3
5136353,"Le Mistral gagnant N-S",3
2137599,"Berri, Sauvé à Émile-Journault",3
7423549,"De Lorimier: St-Zotique > Jean-Talon",3
4922402,"Bordeaux Bumps",3
4044489,"Rue Chambord Climb",3
5235770,"Montée Normanville",3
5272056,"Ros Ib-Pap",3
4016320,"Iberville: Rosemont / Hochelaga",3
10057666,"Rue Fullum S. (des Carrières / Dandurand)",3
2437832,"D'Iberville - Jeanne d'Arc (West)",3
9876316,"Rue William Tremblay E. (Canadien Pacifique / Chambly)",3
2367496,"De Chambly - Jeanne d'Arc (East)",3
7562553,"Final Sprint Gascon/Jeanne d'Arc",3
4021201,"Nicolet Uphill (Hochelaga-Sherbrooke)",3
5030906,"Fernand-Lafontaine, Roland-Therrien à Adoncour",3
7337934,"Fernand-Lafontaine UP",3
3689574,"Rang St-Antoine Est-ouest",3
1724156,"Rang St-Antoine (Ouest-Est)",3
4734696,"Saint-Laurent (Nord)",3
4348486,"Sauvé - Lajeunesse@L'Acadie",3
1595994,"Papineau under the track",3
3907524,"8th av. climb",3
9057450,"Bourbonnière - Hochelaga à Sherbrooke",3
4021072,"Bourbonnière (Rouen-Sherbrooke)",3
9908022,"parc_big_loop",3
2239411,"Sprint Lajeunesse, Crémazie à Sauvé",3
8504570,"Rue de Normanville S. (Jean-Talon / Bélanger)",3
7883512,"Bélanger -LO David",3
7648182,"cote st-michel rosemont",3
2334531,"Bourbonniere (Uphill)",3
2319228,"Orleans - De Rouen (Downhill)",3
10007409,"De La Salle - Sud",3
6609639,"Pie-IX Boulevard Climb",3
1712996,"Berri (H-Bourassa à Sauvé)",3
9911355,"Rue Chambord N. (Villeray / Jarry)",3
9911244,"Avenue Henri-Julien S. (Jean-Talon / Gounod)",3
4702584,"Christophe Colomb (Jean-Talon/40) Nord",3
7775198,"Rosemont - Jean-Talon",3
9856453,"Rue Saint-Zotique O. (Iberville / de Lanaudière)",3
3909770,"Rachel (Molson @ Pie IX)",3
7381926,"Sherbrooke / St-Michel - Pie-IX",3
3607473,"PieIX / Bennett",3
5021118,"Montée Armand Frappier",3
2404970,"TOUR DE L'ILE",3
1570763,"Berri climb",3
4564564,"Berri (Gouin/40) Sud",3
7787250,"Beaubien Iberville@St-Michel",3
3626768,"Montée Pie IX",3
5542714,"Pie IX- De Rouen DH",3
7951035,"5e avenue",3
5020154,"Descente Armand Frappier",3
1374587,"Chabot - Upper - Southbound",3
9643923,"Montée De Lorimier - Masson à Rosemont",3
2437203,"15e Av Climb",3
7611998,"Work to Home",3
7611987,"Home to Work",3
1903871,"Bld Des Prairies - Westbound - One bridge to the other",3
5136460,"Legendre & Louvain",3
5136313,"Louvain & Legendre",3
2640846,"8 Avenue - Molson",3
8286531,"p'tit québec sprint",3
4294874,"Tour de l'Île 2013 50km",3
4298436,"Avenue Pierre-de Coubertin Climb",3
9495695,"Fernand-Lafontaine",3
10066275,"Fernand Lafontaine - Adoncour to JPVincent",3
7373419,"Chemin du Parc Michel-Chartrain",3
9908033,"J-P-V_straight",3
7364395,"Parc des Prairies",3
7307452,"Pont Viaux vers Laval par Piste cyclable",3
1903903,"Christophe-Colomb - North cycling path - Southbound",3
2640859,"D'Iberville - Papineau",3
2367472,"D'Iberville - St Zotique (South)",3
8496950,"Rue Bélanger O. (13e/Louis Hémon)",3
4005996,"Rosemont: Bourbonnière / De Lorimier",3
7037134,"Masson (St-Michel @ Pie IX)",3
1506998,"Masson - Eastbound",3
10019224,"Parc Linéaire Longue-Pointe (Théodore à Bennett)",3
2931157,"Boulevard Fernand Lafontaine Climb",3
3875909,"Bridge to Metro Concorde",3
2367478,"D'Iberville - 16 Avenue (East)",3
4005988,"Bourbonnière: Hochelaga / Rosemont",3
9603283,"Disembark",3
10003097,"Dagenais Ouest vers l'Est",3
7928540,"Break Run 1/4",3
4734630,"Parc Stanley + Millen",3
5021016,"Somerville E-O",3
8496940,"13e Av. Sud (Jean-Talon/Bélanger)",3
2405677,"Hola Pie-IX",3
3873404,"Parc olympique - viaduc Sherbrooke",3
10056227,"St-Clément sprint (Hochelaga à Ontario)",3
3919537,"Marie-Victorin aller",3
7194792,"Faux plat vers base de plein air",3
5136289,"Mgr Henri Fleury N-S",3
4564490,"Christophe Colomb (Henri/40) Sud",3
4562788,"Christophe Colomb (40/Henri) Nord",3
4070238,"Saint-Michel Environmental Complex Straight Line (North)",3
4070257,"Saint-Michel Environmental Complex Straight Line (South)",3
7787240,"Beaubien St-Michel@Pie-IX",3
2230804,"Parcours du Cerf, Jacques-Cartier Ouest",3
5020921,"Parc Gouin O-E",3
5136247,"Sprint du parc Olympia N-S",3
9284216,"Chicanes dans le sud",3
5020826,"Somerville O-E",3
4525059,"Pie-IX - Dickson",3
7928565,"Break Run 4/4",3
2350865,"Saint-Michel Environmental Complex",3
2470100,"Emile Journault - Henri Gauthier (North)",3
2470089,"Emile Journault - Henri Gauthier (South)",3
10128189,"9ème @ 6ème",3
10128157,"Pie IX @ 16ème",3
7918578,"Parc maisonneuve (côté ouest seul)",3
3272144,"Sherbrooke(pie-IX/Viau)",3
1648431,"Viau - SherLaga",3
9612402,"Ste-Rose - magellan/frenette",3
8496931,"Rue Jean-Talon O. (Pie-IX/13e Av.)",3
4242368,"Pix IX Sprint",3
4447373,"Montee stade Saputo",3
3992641,"Avenue Climb",3
3746541,"Parc Tohu- Section Nord-Est",3
7213580,"Demi Parc",3
9500419,"Tohu Park east side (south)",3
9733862,"Tohu Park east side (north)",3
8496920,"23e Av. Sud (Villeray/Jean-Talon)",3
7037129,"Rosemont Up (Viau to Pie IX)",3
5084549,"Viau_Rosement@Sherbrooke",3
7708544,"Disckson-Coubertin-Marseille to Viau",3
3919524,"Marie-Victorin retour",3
7155634,"Montée rue Léger",3
1940251,"Papineau à Pont Viau",3
1544492,"Pont viau à Papineau",3
8496914,"Rue Villeray O. (Rue des Gênes/ 23e)",3
7787245,"Beaubien Pie-IX@Viau",3
8094182,"Montée Assomption/Viau",3
3939568,"Charland - 9 avenue",3
7978902,"Mini Sprint Down CC ",3
3939590,"9 avenue South",3
6875169,"jarry st-michel>pie-ix",3
9293143,"Viau to Pie IX",3
7708520,"Marseille (a partir de Viau)",3
8301305,"Edith from Labelle to Justin",3
5639753,"Rue de Périgueux Climb",3
2366815,"Montée "Berge de la Rive"",3
4564473,"Christophe Colomb (Henri/Louvain) Sud",3
9444895,"17e Ave (Pie IX - Jarry)",3
7281284,"Sherbrooke-pieiX",3
9413273,"Piste cyclabe corbusier à Salaberry",3
9293110,"Viau au Parc",3
3738650,"St-Michel- Jarry @ Industriel",3
9441129,"Dickson à Haig",3
4437967,"Mini climb",3
5191837,"Pont Papineau Sud",3
7037143,"Rosemont down (Viau @ Lacordaire)",3
8549723,"Dickson Downhill",3
3683259,"Fleury @ Jarry",3
5525688,"Rue de Nouë Climb",3
7526046,"Dickson - Des Futailles",3
7213616,"Rosemont down (Lacordaire to Quesne)",3
7666768,"Sprint Gabriel",3
10066267,"Industriel - Mortagne to Louis-J Lafortune",3
7168883,"Rosemont up (Carignan to Viau)",3
5526450,"Monter René-Lévesque",3
7625984,"Télégraphe du Badger",3
5717172,"Autoroute Laval Ouest Climb",3
9395786,"Montée Théorêt - Descente",3
2405675,"Down Rosemont",3
2405679,"Langelier Hey",3
1254443,"Berlier",3
4301920,"Piste cyclable Souligny - vers l'est",3
3019389,"Rue Du Boisé Climb",3
5542627,"St-Francois d'Assise cemetery",3
8293246,"Sprint courbe Hochelaga",3
9315577,"Souligny short east side",3
4587930,"Overpass Aut13 - Ste Eustache vers Boisbriand",3
9884565,"Dagenais O-E (Ross_Le Corb)",3
1702733,"Dagenais Sprint",3
4538563,"Départ Rossignol-Michelin",3
4541166,"Fin Rossignol-Michelin",3
4904415,"Jean-Talon est ...GO!",3
5679710,"Mortagne- Ampère-Montarville",3
10114858,"p'tit Chicot",3
7871533,"Parc de la Visitation rue de Bruchési vers l'est",3
7871551,"Parc de la Visitation vers l'ouest jusqu'à Bruchési",3
9612155,"Parc de la visitation est - entrée Bruchési",3
1374618,"Lacordaire Overpass - Northbound",3
1374613,"Lacordaire Overpass - Northbound",3
2606243,"Rue Lavoisier Climb",3
7570000,"Piste 132 to Samuel de Champlain / Thomas Pépin",3
5111846,"cote corbeil punch",3
10114871,"Domaine",3
9883305,"Dagenais O-E (Le Corb_Industr)",3
7706686,"St-Martin O-E",3
8383176,"Sprint St-Elzéar W",3
4234817,"Tracy-Blois-Autoroute 19",3
10114875,"Vers 25e",3
7933507,"Francis-Hughes/Dagenais-St-Elzéar",3
7930359,"Francis-Hughes/St-Elzéar-Dagenais",3
9539258,"Boulevard Louis-H.La Fontaine Sprint Sud",3
7506077,"Rossignol S-N",3
7051676,"Delorme / le Royer",3
3677898,"Haut-Anjou/Metro Radisson",3
3908145,"Boul. d'Auteuil",3
8327390,"Descente des Ormeaux (Sherbrooke/Hochelaga)",3
2401543,"Get the light! - Lacordaire strech (Henri-bou@Des prairies)",3
5884712,"CX 1st Climb",3
2401513,"Lacordaire strech (couture@Henri-Bou)",3
9789399,"Rue Jacques Cartier",3
9612162,"Parc Aimé-Léonard - est",3
10114762,"Boucle George V",3
7575004,"St-Martin crèmerie Pineault direction Ouest",3
7575089,"St-Martin crèmerie Pineault direction Est",3
2561102,"Rue des Patriotes",3
5103278,"Pointe Est via Sainte-Marie",3
9249582,"Chatillon a Bellerose",3
9980652,"Bellerose_a_Chatillon_Nord",3
5436506,"Côte de l'église",3
4539176,"sprint bosse Lévesque",3
1966977,"Gouin_StGertrude@Lacordaire",3
1966945,"Gouin_Lacordaire@StGertrude",3
8151857,"Fort st louis Sprint est",3
9651718,"René-Laennec Dagenais a Bellerose",3
4305459,"Sprint blvd Lévesque",3
7137679,"Bridge Sprint to Rosemere",3
7137651,"Bridge Sprint to Ste Rose",3
1488334,"Montée St-François to JailHouse",3
7518630,"Prison break (Climb) Jail to Bellevue",3
2277371,"Spiro's hill",3
8496851,"Boulevard des Sciences (Innovation/Ray Lawson)",3
10114843,"Vers chemin du grand st-charles",3
10086973,"Thibault_a_BelleRose_via_OlivierChauvreau",3
7220371,"A25 - HenriBourassa à Maurice Duplessis",3
8327766,"rue St-Augustin - montee Villeneuve",3
10105694,"Pont Marius Dufresne jusqu'à gran' côte",3
4665578,"Hydro towards Bellerose",3
8996699,"Piste Cyclable Laval Nord Clôture à Hydro",3
10087008,"Thibault_a_Bellerose_via_RouteVerte",3
9734107,"Leger Langelier to Lacordaire",3
1216650,"",3
5187950,"Rouge @ OLCO",3
1354968,"Côte Laval Est",3
7904513,"Ray Lawson to Roi René",3
1924991,"George V - Rue Richard",3
2804365,"Rue richard - George V",3
8144763,"Montée Piste Cyclable Ste-Rose à Poste Hydro",3
10020699,"Thibault_a_PrinceRupert",3
10086967,"PrinceRupert_a_Thibault",3
10035725,"Lausanne_a_Pascal",3
9733833,"Leger 25 to Lacordaire",3
7481419,"Boutille-moi ça dans face.",3
10114888,"Montée côte nord",3
2272505,"Rue General Vanier, Boucherville",3
2936255,"Rosemere TT Cyclocross Part 3!",3
7797964,"Florian Punch",3
3879097,"Grande-Allé vers le Sud",3
7931272,"Couture TT",3
7771263,"Cedar vers Northcote",3
4129567,"Rue Saint Pierre via de la Riviere",3
4358679,"Montée des Lacasse Drag Strip",3
9563919,"Chemin de ferme le long de la 335",3
7039920,"Rosemere Blvd West",3
5716543,"Boulevard Rosemère",3
10114837,"Début blvd grande allée",3
9284012,"Rose Alma Reverse",3
10114904,"little flat punch",3
9229294,"Monte Viewberg",3
7130526,"Up the Steps",3
2936225,"Rosemere TT Cyclocross Part 2",3
9375311,"ST-Jean Baptiste UP!!",3
7585486,"st-louis montée",3
8168053,"R-A robert/Du Domaine vers Ouest",3
7130519,"Lorraine Quick Climb",3
7544690,"Boul Rosemere-Montée Lessage",3
3900272,"Roland-Durand vers Ouest",3
3605978,"Petit Roland-Durand",3
8096505,"Roland Durand - Rosemere Blvd on Grand Cote",3
2660352,"L'autre petit bout",3
4428284,"Côte Ste-Thérese 117",3
5110949,"Côte la crique",3
2738163,"Rosemere Warm Up",3
2598279,"640 par Roland-Durand",3
3949048,"640 Eastbound Trail TT",3
8367713,"Montee Lesage (640 - Roland Durand)",3
3916289,"Roland-Durand vers Est",3
3965269,"Boul. Rolland Durand",3
2797751,"Grand côte",3
4837508,"Mtée St-François",3
1384653,"Rang du Bas-Saint-François",3
9579137,"Rang du Bas St-François vers l'ouest",3
7904492,"Rudolphe-Forget to Henri-Bourassa",3
9632139,"SJB Henri à Sherbrooke",3
7071164,"Montigny",3
4456119,"Côte du ruisseau",3
9932907,"Cote Joutel",3
5719752,"Descente Boulevard de la Renaissance court section",3
1400779,"Côte Renaissance",3
2319615,"Côte Renaissance part II",3
5191155,"Lesage/Roland-Durand",3
5684284,"Des Laurentides Sprint",3
7733593,"Des Laurentides Sprint Sud",3
7404537,"Monté Rodolphe-Forget",3
9996446,"Ca pue",3
4966806,"Leduc street",3
4966816,"Pine street",3
9102671,"Hemlock Hill Climb",3
7668299,"Côtes sur Rue de Joutel",3
7439453,"Monté Marcel Giguère",3
9147218,"Roland Durand 2KM ",3
4461966,"Promenade de Lorraine",3
7185872,"Springhill - de Gaulle",3
2936195,"Rosemere TT Cyclocross Part 1",3
2936161,"Sacre-Coeur TT Cross",3
8214513,"Des Laurentides Nord/Sellier à Papineau",3
4599187,"Montée Mille-iles/des-perron",3
8911031,"R4, difficile - Winter",3
2739416,"Blv du Domaine Downhill Sprint",3
2437246,"Route 19 - Des-Perron à des Milles-ïles",3
2224868,"Avenue Roger-Lortie",3
2920035,"roger-lortie ",3
9649257,"Sprint du Boulevard des Mille îles O",3
7345644,"55e Av Descent (Maurice Duplessis - Gouin E)",3
1446258,"Cote Blvd des chateaux",3
4488646,"Domaine vert paved road ",3
7668284,"Cote Renaissance - Oudart a Gatineau",3
5719730,"Descente Boulevard de la Renaissance",3
7649595,"Descente Boul. des Chateaux",3
5550700,"Côte Boul. des châteaux",3
10081688,"Farmer (Sprint)",3
4247279,"Domaine Vert/chalet vers Est",3
9910815,"Golf Le Diamant",3
9974858,"LA 13",3
7733583,"Pont David - Dir. Sud",3
7555547,"Loop Grand Coteaux",3
3272225,"De Gaulle court section",3
8190804,"Saverne Burn",3
7922575,"Épinette",3
4614332,"Varenne Cycling Path North",3
8444243,"Varennes-Boucherville",3
10105807,"St-Louis le Seigneur 2 km Nord",3
10131867,"FontaineBleau (horaire) 4 laps",3
7555545,"Arrière Chemin Bayon",3
7930945,"qoto stretch",3
1551162,"de Gaulle",3
9582958,"Perras, la montée",3
2644188,"Fontainebleau/Côte Saint Louis",3
7922565,"Lorraine - Ligne droite",3
7930976,"owl stretch",3
2026357,"Bois-des-Filion- terrebonne-Laval",3
5259198,"Saint Louis E to Seigneurie E",3
5000698,"Finale Sprint to Cote Saint-Louis E",3
2926053,"Le bois du Golf de Fontainebleau",3
2599730,"Boul. Vignory/de Gaulle",3
9910798,"Michèle Bohec Nord",3
2593383,"Sentier Fontainebleau",3
2593418,"Sentier Fontainebleau (retour)",3
2576800,"Michel-Bohec",3
4006503,"335/640 vers le nord",3
8292832,"Varennes IGA - St-Anne.",3
1596097,"335/640",3
9519355,"DeGaule en Haut",3
7984103,"33e to Urbanova",3
2595034,"Nouvelle route blainville",3
2595041,"Retour nouvelle route blainville",3
7049700,"Sprint Chambery - Paul Albert",3
10004117,"1 km sprint blv. celleron",3
2901191,"col du chenil",3
9974281,"Celeron sprint nord",3
2644194,"Rang Saint François",3
1651134,"Rue Charles vers l'ouest",3
1651141,"Rue Charles vers l'est",3
8275127,"Mille-Îles overpass de la 25",3
7397960,"Aut 25 vieux pont.",3
7719834,"céloron part 2",3
2741482,"Parc indus. Bois des fillions",3
9269816,"Boul. ind. nord (BDF/Terr) ",3
9269759,"Boul. ind. sud (Terr/BDF)",3
3968311,"Rue Sherbrooke Est Climb",3
7871407,"Montée du moulin nord",3
2915645," montée du moulin",3
4646614,"Chemin Victor TT (no drafting !)",3
4157512,"sprint victor ;)",3
7252440,"Urbanova",3
2651835,"Trans-Terrebonne(secteur BDF)",3
8229335,"Côte Saint Louis Est entre Paul Albert et Montée Gagnon",3
8202016,"Urbanova De 344 à 640",3
4624939,"Sprint de 2k Bel Asphalte Est",3
7651648,"St-Antoine ",3
7321555,"300m Sprint Léveillé",3
8868514,"Léveillé Sud",3
9561174,"route fermée aéroport mirabel",3
9561186,"route fermée aéroport mirabel sud",3
8535417,"Laurier vers le Sud",3
7719805,"Charles - Céloron",3
7676725,"Blvd Céloron - Rue Charles",3
10111033,"Boucle Crit. Terrebonne (Credit - S. Roy)",3
10111074,"Boucle Crit. Terrebonne (Credit - S. Roy) - Sens Inverse",3
9335672,"Grande-Allée Terroir/Nationale",3
4533520,"Trans-Terrebonne Expert (Plaisance vers Ouest)",3
9656562,"Milieu de la trans-terrebonne - single track",3
7157792,"Terrebonne singletrack 1",3
4111010,"section bois",3
7169002,"section bois#2",3
2909593,"cote cinema guzzo",3
3789580,"Côte Boisée",3
8103037,"côte 1",3
8102939,"montée 1 et 2",3
4110953,"descente du pont et speed cure",3
4111034,"section 4 bosses jusqu'au bois",3
4107927,"2 ieme montée",3
4110920,"2 ieme montée",3
8102960,"2 ieme cote",3
8165484,"des entreprises - Rona & Rangement+",3
4376495,"montée chemin gascon jusqu'à angora",3
9501228,"640 est Urbanova - court",3
3568651,"Montée du chemin Gascon",3
8765645,"Mtb Trail Nord",3
7548215,"St-Charles long du marais vers est",3
7548220,"Ch St-Charles le long du marais vers ouest",3
4761930,"Victor to Cote St-Pierre",3
4413054,"cote st-pierre to victor ",3
2373954,"Victor - CotSt-Pierre",3
9261613,"TT Rue Charles",3
7654141,"TT boul de la piniere",3
4508431,"Trans-Terrebonne (Passerelle/Golf vers Ouest)",3
9290204,"117 AUT50-Cote St-Pierre",3
4022761,"Terrebonne_Montée_1",3
9710366,"cdvm clm club ride",3
9422723,"Comptois de Léveillé à Valiquette",3
10075985,"boucle masson, esplanade, piste cyclable, boul. mascouche et av. de l'étang",3
10484796,"retour magasin ",3
10548512,"20/20",3
10941309,"Rivelaine ",3
10919095,"loop donquichotte boul pincourt ",3
10941306,"Virginie roy ",3
10713862,"Principale (Marie-Victorin/132)",3
11082421,"Bridge ste anne ",3
10151220,"104 en sortant de La Prairie (Edouard VII à St Raphael)",3
10227177,"J'aime les viaducs (Sud : St-jean / 30)",3
10218339,"Ch. Saint-Jean overpass - Hwy 30",3
10414726,"Abbott lap east (w/ short cut)",3
10414759,"Abbott lap - football field",3
10861901,"20% slope",3
10213855,"Arboretum Path",3
10492018,"Woodland South",3
10150433,"Parc René Lévesque vers l'Est avec le virage en"S"",3
10150413,"Parc René Lévesque tour",3
10567158,"Matte ( on road from Taschereau to Illinois )",3
10640716,"WAC2015 CX Course",3
10220251,"Taschereau - Matte to Prairie ",3
11040144,"Beer Can north",3
10263987,"SPRINT!",3
10196312,"sprint échauffement ",3
10173795,"Triathlon Verdun 2015 bike lap",3
10765024,"Robin HOUF!",3
10140370,"Lachine : Sprint Final",3
8407598,"Aurora climb",3
10682735,"San Francisco - Rivard to Pelletier",3
10634195,"Uphill Snakepath",3
10258109,"Taschereau - Rome to Napoleon",3
10989287,"Tour trigonometrique Cap St-Jacques",3
10634315,"Speedy Brunswick",3
10481129,"Mo West Station Sprint",3
10682782,"San Francisco - Rome to Pelletier",3
10682741,"San Francisco - Pelletier to Rome",3
10164821,"Saint-Louis to du Souvenir",3
10254192,"De l'Eglise - Verendrye St-Patrick",3
10563307,"Milan over A10",3
10440098,"Rue de Terrebonne O. (Benny / Cavendish)",3
10949528,"Boul. Cavendish S. (Somerled / Sherbrooke)",3
10376881,"Boul. Cavendish N. (Terrebonne / Fielding)",3
10440100,"Boul. Cavendish N. (Terrebonne / Somerled)",3
10458486,"Canal Lachine E. (Terrasse St-Ambroise / St-Rémi)",3
10119672,"Chemin du golf au Sationnement Bell",3
10137735,"Sprint Milan-Brodway/G-A",3
10422280,"StAnneTillHugo",3
10496930,"The Turn",3
10007029,"Rue d'Argenson N. (Centre / St-Patrick)",3
4946511,"Willow Avenue Climb",3
10447169,"Henri-Duhamel",3
10209470,"Butler Eastbound",3
11115994,"Boul. Taschereau - D'Auteuil @ MEC",3
10151449,"Techno Park St-Laurent, Big 8 Loop",3
10496962,"MDL stop-to-stop",3
10675898,"Rue Finchley S. (Ferncroft / Croissant Merton)",3
10440110,"Rue Dufferin S. (Ellerdale / Parc Dufferin)",3
10567902,"Montée Oka - Est - Arrivée au stop",3
10922503,"Regent - gentil - ti-cul "come on, sprint"",3
10176916,"ile Bizard counter clock safe",3
10855478,"Piste cyclable SunnyBrooke vers Spring Garden (E-O)",3
10498438,"Straight from the lake!",3
5475683,"Belvedere downhill to Cote-des-Neiges",3
11078605,"Pont Victoria pour les braves et téméraires ",3
10137783,"Sprint Parc de la Cité sur G-B",3
10501210,"Cavendish Bump",3
10922617,"Edison "sprint" - R'garde pas les maisons",3
10632460,"Speed Regis-Sunnybrooke",3
10922475,"Aucun Soucy vers l'Est",3
10922481,"Pourquoi se faire du Soucy vers l'Ouest?",3
10012158,"La "côte" du CGV",3
10164803,"Brabant to Douglas",3
10164771,"Aldo to Henri-Bourassa",3
11116004,"Grande Allée - Lamarre @ Montcalm",3
10870684,"Sentier Velo Bois-Francs Direction Est",3
10246713,"Chevremont stretch",3
4221918,"Ch. De La Rampe up & down",3
10922464,"Blvd Gareau - Kimber à Caisse Pop Pop Pop!!!",3
10367254,"Big Dipper",3
10236639,"Thimens-Road-Bumbs",3
10836916,"Sentier velo Bois-Francs Direction Ouest",3
10541267,"Bois-de-Liesse (Douglas Floreani to Gouin)",3
9903654,"Pavés de la rue De la Commune",3
10273654,"Papineau - Nobert to Ste-Hélène",3
9361082,"Curve 3 UP",3
11116030,"St-Georges-Tiffin - Jeanette @ Desaulniers",3
10477725,"Full ♫ Vauquelin s'en va t'en guerre ♫",3
10268168,"Cavendish sprint part 1",3
8056642,"Chemin Olmsted TT",3
9872688,"Chemin de la Côte-Sainte-Catherine, Parc Beaubien, Est",3
9378285,"De l'avenue du Parc jusqu'aux escaliers",3
7204881,"ch1de4",3
10273641,"Lasalle - Ste-Foy to Nobert",3
10922448,"On "braque" et on "sprint" - Les collèges",3
10818767,"Marécage Oka allez-retour",3
10635696,"Desaulniers - De Sainte-Hélène à Lafayette",3
10627794,"descente-pont-vers-ile",3
10649810,"Toupin - Gouin à H-B",3
10504821,"TMR Long",3
10347320,"Carrousel de Laird (3 tours)",3
9888661,"Rue Aracde O. (St-Laurent / Clark)",3
11096763,"Rue Front ",3
9834494,"Blvd. Saint-Laurent N. (Arcade / Bellechasse)",3
10028849,"Champlain (Ontario to Sherbrooke)",3
10771523,"SQ Sprint",3
10627778,"longueuil",3
10165452,"Mur de Bretagne",3
1844097,"Faux-Plat Rachel",3
10273613,"Cartier Up",3
10494967,"STM Sprint",3
10706742,"Rue du Marché Central N. (Legendre / Louvain)",3
10494984,"BERCY SPRINT",3
10141687,"Chemin de la Savane R100 to Clairevue",3
10148891,"Dude like a lady ♫",3
10932225,"Bois-de-Boulogne critérium sprint",3
10431971,"Ontario haute tension",3
10342344,"Rue Rachel O. (Mentana / St-Hubert)",3
10781959,"Chemin d'Oka, 18e à 9e avenue",3
10802743,"Rue Beauharnois E. (St-Urbain / St-Laurent)",3
10802749,"Boul. St-Laurent S. (Beauharnois / Guizot)",3
10502133,"Av. Bdeb",3
10932234,"Je suis le Meilleur et le plus beau",3
10802735,"Rue Beauharnois O. (St-Laurent / St-Urbain)",3
10028865,"Champlain Climb (Sprint)",3
10405904,"Boul. de l'Acadie N. (Côte de Liesse / MEC COOP)",3
10319567,"Avenue Henri-Julien S. (Liège / Villeray)",3
10631223,"Rue de Rouen // Davidson à Frontenac",3
10335375,"Boul. des Prairies Sprint II (Ouest)",3
10509889,"Boul. Crémazie E. (Lajeunesse / Chateaubriand)",3
11018984,"St-Denis au Parc Henri-Julien S-N",3
10788959,"Rue Lajeunesse N. (de Liège / Crémazie)",3
10178310,"Rue Rachel E. (Chambly / André Laudrendeau)",3
10456992,"Shit hole",3
10787952,"Betweenthe2bridges",3
10850509,"Millen (Legendre/Émilie Journault)",3
10922559,"Push-Push-Push!!! Parc Michel Chartrand par l'asphalte.",3
10646899,"Rue Fleury O. (Lajeunesse / St-Urbain)",3
10435594,"La montée Berri",3
10335329,"Boul. des Prairies Sprint V (Est)",3
10310061,"Chemin du Parc Michel-Chartrand [Nord]",3
10435606,"Parc Ahuntsic - La traversée",3
10413486,"Avenue Papineau S. (St-Zotique / Beaubien)",3
10267210,"Parcours du Cerf, Jacques-Cartier (Nord)",3
10165836,"St. Michel Environmental Complex - With Construction Detour - Clockwise",3
10208986,"Louis-Hébert entre Villeray et L.O.",3
10780436,"Hochelaga // Pie-IX à Viau",3
10775149,"Hochelaga // Pie-IX à l'Assomption",3
10823873,"7-8 side park",3
10631277,"Sprint Marseille (Assomption à Viau)",3
10782403,"Grande Cote - Goyer  à 25e",3
10479751,"Blvd Tessier",3
10519471,"Avenue Charland E. (des Prairies / Lille)",3
10533194,"Le Chameau",3
10519468,"Rue des Prairies N. (Champdoré / Charland)",3
10376076,"JJJoubertAVetAP",3
10884495,"Sentier Visitation Partie 1 Ouest-Est",3
10519491,"Rue de Lille S. (Henri-Bourrassa / Prieur)",3
10519474,"Rue Lille N. (Charland / Gouin)",3
10908564,"31 ave Parc Louisiane",3
10589516,"Goyer - 25e avenue",3
10589525,"25e avenue - Goyer",3
10519488,"Boul. Henri-Bourrassa O. (Poncheville / Lille)",3
10258420,"Sprint Viau pyramides",3
10519478,"Boul. Gouin E. (Lille / Poncheville)",3
10279743,"Corbusier St-Elzear - 440",3
10830651,"Grande Cote - 25e à 63e",3
10884532,"Sentier Visitation Ouest-Est",3
10527336,"Bump St-Zotique",3
10379932,"Le chien de Boucherville",3
10585013,"STR CRIT/Sprint BCB",3
10186247,"Barragegatenorthtostop",3
10310073,"La petite butte de Rome",3
10758087,"CX Urbain 2015",3
10584982,"STR CRIT/Champenois Sprint",3
10661399,"CX Bourcherville 2015 Sand Trap",3
10661360,"CX Boucherville Sand Pit",3
10892068,"STR CRIT// WAZO SPRINT",3
10399015,"Sprint Petite-Cote",3
10510499,"Lacombe Loop",3
10691757,"Sittelles Sprint",3
11025517,"Viaduc Montarville/132",3
10776871,"Hill climb CX Laval 2015",3
10287765,"Sprint Arthur-Buies",3
10749480,"Cx Laval 2015",3
10892073,"SRT CRIT// DES PATRIOTES",3
10815688,"Boating Club Xpressway (BCX)",3
10279485,"Dagenais 19 à René-Laennec",3
10449282,"Dagenais 335/Monette",3
10892089,"STR CRIT// BACKSTRAIGHT",3
10884561,"Sentier Montigny Section Marie-Vic Nord-Sud",3
10885072,"Sentier Montigny Section Marie-Vic Sud-Nord",3
10556744,"Henri-Bourassa E. (6e Ave-Boul Ray Lawson)",3
10927066,"Sentier Montigny Section Hopital Nord-Sud",3
10884595,"Sentier Montigny Section Hopital Sud-Nord",3
10291241,"Overpass 15 direction Faubourg",3
10317274,"Rivière aux pins (Lionel-Boulet, 132)",3
10114786,"baptiste industriel tricentenaire",3
10640695,"St-hub",3
11007098,"Garneau's forbidden loop - Clockwise",3
10279257,"Mtée St-Francois court",3
10778471,"PDV_VM14",3
10640705,"Baraka",3
10765248,"Charbonneau",3
10591889,"DMI moitié",3
10679195,"Qoto Crunch",3
11167554,"R2 Fat Bike",3
10431348,"Le nouveau mauricie duplessis vers l'ouest",3
10429502,"Le nouveau Mauricie Duplessis",3
10727357,"PDV_VM04",3
11168080,"VM4 Fatbike vers est",3
10727346,"PDV_5-15",3
11167580,"Piste 15 Ouest Fatbike",3
10429471,"la monté 71e ave RDP",3
10439186,"71e go down rdp",3
10916139,"tite loop à Varennes Beach",3
10346972,"FontaineBleau (horaire) 7 laps",3
10346908,"FontaineBleau (horaire) 5 laps",3
10258201,"SJB - Short Uphill",3
10346946,"FontaineBleau (horaire) 6 laps",3
10310126,"monter la butte de la 87e",3
10310087,"descente de la 87e",3
10469457,"Petite montée du sanctuaire",3
10310133,"Gouin entre St-Jean et 87e",3
10237324,"Sprint Caserne",3
10226630,"Maurice Duplessis au viaduc",3
10469444,"Montée sous voie ferrée Parc Nature",3
10431357,"sur le viaduc du parc nature (autoroute 40)",3
10469466,"petite montée de la 52e Parc Nature",3
10347020,"FontaineBleau (horaire) 8 laps",3
10961865,"Curve de la station d'épuration",3
10905081,"CLM tout croche",3
10961871,"parc des Cageux",3
10226654,"Parc nature de la 40 au ponceau",3
10325041,"De Gaulle en haut vers Grande-Côte",3
10324539,"De Gaulle vers Rang Saint-François",3
10310095,"la traverse du parc Nature",3
10534801,"Paul Albert direction Rang St-Francois",3
10469430,"La boucle du Parc nature sud",3
10185152,"Paul Albert",3
10622821,"Test Vitesse",3
11153275,"dans le champ de la 40",3
10288544,"Lala loop",3
11153264,"dans le champ de la 40 ouest",3
10324310,"Pama loop",3
8109705,"Tour Est Laval",3
10469499,"le long de la Coulée-Grou",3
10185142,"Montée Gagnon to Saint Francois",3
10346477,"Rue de Plaisance / Rue Sylvain Meunier",3
10623568,"Vieux Chemin St-Charles Est",3
10623573,"OLD VERSION - Vieux Chemin St-Charles Ouest",3
10469484,"Longer la 40 dans les bois du parc nature",3
10469512,"Gouin à Gouin via le Parc Nature RDP",3
10347137,"Un tour PMG",3
10349005,"Défi Casse-Tête 2015 - tour",3
10842995,"Le tour de l'île Haynes",3
10290118,"Sprint Louis-Joseph Papineau",3
10348320,"Defi Casse-Tete 2015",3
10347396,"Defi Casse-Tête",3
10250291,"Sprint Céloron - des Liards",3
11073761,"Lap winter race 2015",3
10249873,"Pont le Gardeur",3
10346424,"Boulevard de la pininère O",3
10639232,"Parc de la Coulée",3
10346530,"Boulevard Des Seigneurs / Rue Beauvais",3
10346565,"École Trois-Saisons / Boulevard Des Seigneurs",3
10482772,"Boul de la Rochelle",3
11047612,"edge vers le sud",3
